review_id,review_snippet,overall_imdb_sentiment,aspect,category,entity_type,sentiment,confidence,context_sentence,source
imdb_train_1,"Dumb is as dumb does, in this thoroughly uninteresting, supposed black comedy. Essentially what starts out as Chris Klein trying to maintain a low profile, eventually morphs into an uninspired version",negative,"thoroughly uninteresting, supposed black comedy",Atmosphere/Tone,ASPECT,negative,0.8617,"Dumb is as dumb does, in this thoroughly uninteresting, supposed black comedy.",absa_pipeline
imdb_train_1,"Dumb is as dumb does, in this thoroughly uninteresting, supposed black comedy. Essentially what starts out as Chris Klein trying to maintain a low profile, eventually morphs into an uninspired version",negative,Chris Klein,Actor/Performance,PERSON,negative,0.8577,"Essentially what starts out as Chris Klein trying to maintain a low profile, eventually morphs into an uninspired version of ""The Three Amigos"", only without any laughs.",absa_pipeline
imdb_train_1,"Dumb is as dumb does, in this thoroughly uninteresting, supposed black comedy. Essentially what starts out as Chris Klein trying to maintain a low profile, eventually morphs into an uninspired version",negative,black comedy,Atmosphere/Tone,ASPECT,negative,0.5789,"In order for black comedy to work, it must be outrageous, which ""Play Dead"" is not.",absa_pipeline
imdb_train_1,"Dumb is as dumb does, in this thoroughly uninteresting, supposed black comedy. Essentially what starts out as Chris Klein trying to maintain a low profile, eventually morphs into an uninspired version",negative,black comedy,Atmosphere/Tone,ASPECT,negative,0.6064,"In order for black comedy to work, it cannot be mean spirited, which ""Play Dead"" is.",absa_pipeline
imdb_train_1,"Dumb is as dumb does, in this thoroughly uninteresting, supposed black comedy. Essentially what starts out as Chris Klein trying to maintain a low profile, eventually morphs into an uninspired version",negative,Fred Dunst,Actor/Performance,PERSON,negative,0.5012,"Fred Dunst does however do a pretty fair imitation of Billy Bob Thornton's character from ""A Simple Plan"", while Jake Busey does a pretty fair imitation of, well, Jake Busey. - MERK",absa_pipeline
imdb_train_1,"Dumb is as dumb does, in this thoroughly uninteresting, supposed black comedy. Essentially what starts out as Chris Klein trying to maintain a low profile, eventually morphs into an uninspired version",negative,Billy Bob Thornton,Actor/Performance,PERSON,negative,0.5012,"Fred Dunst does however do a pretty fair imitation of Billy Bob Thornton's character from ""A Simple Plan"", while Jake Busey does a pretty fair imitation of, well, Jake Busey. - MERK",absa_pipeline
imdb_train_1,"Dumb is as dumb does, in this thoroughly uninteresting, supposed black comedy. Essentially what starts out as Chris Klein trying to maintain a low profile, eventually morphs into an uninspired version",negative,Jake Busey,Actor/Performance,PERSON,negative,0.5012,"Fred Dunst does however do a pretty fair imitation of Billy Bob Thornton's character from ""A Simple Plan"", while Jake Busey does a pretty fair imitation of, well, Jake Busey. - MERK",absa_pipeline
imdb_train_2,I dug out from my garage some old musicals and this is another one of my favorites. It was written by Jay Alan Lerner and directed by Vincent Minelli. It won two Academy Awards for Best Picture of 195,positive,Jay Alan Lerner,Actor/Performance,PERSON,negative,0.5123,It was written by Jay Alan Lerner and directed by Vincent Minelli.,absa_pipeline
imdb_train_2,I dug out from my garage some old musicals and this is another one of my favorites. It was written by Jay Alan Lerner and directed by Vincent Minelli. It won two Academy Awards for Best Picture of 195,positive,directed,Direction,ASPECT,negative,0.5123,It was written by Jay Alan Lerner and directed by Vincent Minelli.,absa_pipeline
imdb_train_2,I dug out from my garage some old musicals and this is another one of my favorites. It was written by Jay Alan Lerner and directed by Vincent Minelli. It won two Academy Awards for Best Picture of 195,positive,Vincent Minelli,Actor/Performance,PERSON,negative,0.5123,It was written by Jay Alan Lerner and directed by Vincent Minelli.,absa_pipeline
imdb_train_2,I dug out from my garage some old musicals and this is another one of my favorites. It was written by Jay Alan Lerner and directed by Vincent Minelli. It won two Academy Awards for Best Picture of 195,positive,Best Screenplay,Plot/Story,ASPECT,positive,0.8486,It won two Academy Awards for Best Picture of 1951 and Best Screenplay.,absa_pipeline
imdb_train_2,I dug out from my garage some old musicals and this is another one of my favorites. It was written by Jay Alan Lerner and directed by Vincent Minelli. It won two Academy Awards for Best Picture of 195,positive,story,Plot/Story,ASPECT,positive,0.5369,The story of an American painter in Paris who tries to make it big.,absa_pipeline
imdb_train_2,I dug out from my garage some old musicals and this is another one of my favorites. It was written by Jay Alan Lerner and directed by Vincent Minelli. It won two Academy Awards for Best Picture of 195,positive,Nina Foch,Actor/Performance,PERSON,positive,0.7891,"Nina Foch is a sophisticated lady of means and is very interested in helping him, but soon finds she loves the guy.",absa_pipeline
imdb_train_2,I dug out from my garage some old musicals and this is another one of my favorites. It was written by Jay Alan Lerner and directed by Vincent Minelli. It won two Academy Awards for Best Picture of 195,positive,Gene Kelly,Actor/Performance,PERSON,positive,0.6654,"Meanwhile Gene Kelly falls for lovely damsel, Leslie Caron.",absa_pipeline
imdb_train_2,I dug out from my garage some old musicals and this is another one of my favorites. It was written by Jay Alan Lerner and directed by Vincent Minelli. It won two Academy Awards for Best Picture of 195,positive,Leslie Caron,Actor/Performance,PERSON,positive,0.6654,"Meanwhile Gene Kelly falls for lovely damsel, Leslie Caron.",absa_pipeline
imdb_train_2,I dug out from my garage some old musicals and this is another one of my favorites. It was written by Jay Alan Lerner and directed by Vincent Minelli. It won two Academy Awards for Best Picture of 195,positive,Georges Guietary,Actor/Performance,PERSON,positive,0.6673,"Famous French singer Georges Guietary sings, too.",absa_pipeline
imdb_train_2,I dug out from my garage some old musicals and this is another one of my favorites. It was written by Jay Alan Lerner and directed by Vincent Minelli. It won two Academy Awards for Best Picture of 195,positive,Oscar Levant,Actor/Performance,PERSON,positive,0.8406,"So if you like good smooth dancing and fun filled scenes filled with Oscar Levant's nimble piano fingers, the songs of George Gershwyn will live on forever in this colorful gem.",absa_pipeline
imdb_train_2,I dug out from my garage some old musicals and this is another one of my favorites. It was written by Jay Alan Lerner and directed by Vincent Minelli. It won two Academy Awards for Best Picture of 195,positive,songs,Music/Soundtrack,ASPECT,positive,0.8406,"So if you like good smooth dancing and fun filled scenes filled with Oscar Levant's nimble piano fingers, the songs of George Gershwyn will live on forever in this colorful gem.",absa_pipeline
imdb_train_2,I dug out from my garage some old musicals and this is another one of my favorites. It was written by Jay Alan Lerner and directed by Vincent Minelli. It won two Academy Awards for Best Picture of 195,positive,George Gershwyn,Actor/Performance,PERSON,positive,0.8406,"So if you like good smooth dancing and fun filled scenes filled with Oscar Levant's nimble piano fingers, the songs of George Gershwyn will live on forever in this colorful gem.",absa_pipeline
imdb_train_3,"After watching this movie I was honestly disappointed - not because of the actors, story or directing - I was disappointed by this film advertisements. The trailers were suggesting that the battalion ",negative,actors,Actor/Performance,ASPECT,negative,0.9123,"After watching this movie I was honestly disappointed - not because of the actors, story or directing - I was disappointed by this film advertisements.",absa_pipeline
imdb_train_3,"After watching this movie I was honestly disappointed - not because of the actors, story or directing - I was disappointed by this film advertisements. The trailers were suggesting that the battalion ",negative,story,Plot/Story,ASPECT,negative,0.9123,"After watching this movie I was honestly disappointed - not because of the actors, story or directing - I was disappointed by this film advertisements.",absa_pipeline
imdb_train_3,"After watching this movie I was honestly disappointed - not because of the actors, story or directing - I was disappointed by this film advertisements. The trailers were suggesting that the battalion ",negative,directing,Direction,ASPECT,negative,0.9123,"After watching this movie I was honestly disappointed - not because of the actors, story or directing - I was disappointed by this film advertisements.",absa_pipeline
imdb_train_3,"After watching this movie I was honestly disappointed - not because of the actors, story or directing - I was disappointed by this film advertisements. The trailers were suggesting that the battalion ",negative,story,Plot/Story,ASPECT,positive,0.5816,"Then I began to think ""hey, this story can't be that simple...",absa_pipeline
imdb_train_3,"After watching this movie I was honestly disappointed - not because of the actors, story or directing - I was disappointed by this film advertisements. The trailers were suggesting that the battalion ",negative,story,Plot/Story,ASPECT,negative,0.6542,"The story was based on real events of World War I, so the writers couldn't make much use of their imagination, but even thought I found this movie really unchallenging and even a little bit boring.",absa_pipeline
imdb_train_3,"After watching this movie I was honestly disappointed - not because of the actors, story or directing - I was disappointed by this film advertisements. The trailers were suggesting that the battalion ",negative,writers,Plot/Story,ASPECT,negative,0.6542,"The story was based on real events of World War I, so the writers couldn't make much use of their imagination, but even thought I found this movie really unchallenging and even a little bit boring.",absa_pipeline
imdb_train_3,"After watching this movie I was honestly disappointed - not because of the actors, story or directing - I was disappointed by this film advertisements. The trailers were suggesting that the battalion ",negative,actors,Actor/Performance,ASPECT,negative,0.5413,"And as I wrote in the first place - it isn't fault of actors, writers or director - their marketing people have raised my expectations high above the level that this movie could cope with.",absa_pipeline
imdb_train_3,"After watching this movie I was honestly disappointed - not because of the actors, story or directing - I was disappointed by this film advertisements. The trailers were suggesting that the battalion ",negative,writers,Plot/Story,ASPECT,negative,0.5413,"And as I wrote in the first place - it isn't fault of actors, writers or director - their marketing people have raised my expectations high above the level that this movie could cope with.",absa_pipeline
imdb_train_3,"After watching this movie I was honestly disappointed - not because of the actors, story or directing - I was disappointed by this film advertisements. The trailers were suggesting that the battalion ",negative,director,Direction,ASPECT,negative,0.5413,"And as I wrote in the first place - it isn't fault of actors, writers or director - their marketing people have raised my expectations high above the level that this movie could cope with.",absa_pipeline
imdb_train_4,"This movie was nominated for best picture but lost out to Casablanca but Paul Lukas beat out Humphrey Bogart for best actor. I don't see why Lucile Watson was nominated for best supporting actor, i ju",positive,Paul Lukas,Actor/Performance,PERSON,positive,0.6977,This movie was nominated for best picture but lost out to Casablanca but Paul Lukas beat out Humphrey Bogart for best actor.,absa_pipeline
imdb_train_4,"This movie was nominated for best picture but lost out to Casablanca but Paul Lukas beat out Humphrey Bogart for best actor. I don't see why Lucile Watson was nominated for best supporting actor, i ju",positive,Humphrey Bogart,Actor/Performance,PERSON,positive,0.6977,This movie was nominated for best picture but lost out to Casablanca but Paul Lukas beat out Humphrey Bogart for best actor.,absa_pipeline
imdb_train_4,"This movie was nominated for best picture but lost out to Casablanca but Paul Lukas beat out Humphrey Bogart for best actor. I don't see why Lucile Watson was nominated for best supporting actor, i ju",positive,best actor,Actor/Performance,ASPECT,positive,0.6977,This movie was nominated for best picture but lost out to Casablanca but Paul Lukas beat out Humphrey Bogart for best actor.,absa_pipeline
imdb_train_4,"This movie was nominated for best picture but lost out to Casablanca but Paul Lukas beat out Humphrey Bogart for best actor. I don't see why Lucile Watson was nominated for best supporting actor, i ju",positive,Luc,Actor/Performance,PERSON,positive,0.8144,"I don't see why Lucile Watson was nominated for best supporting actor, i just don't think she did a very good job.",absa_pipeline
imdb_train_4,"This movie was nominated for best picture but lost out to Casablanca but Paul Lukas beat out Humphrey Bogart for best actor. I don't see why Lucile Watson was nominated for best supporting actor, i ju",positive,best supporting actor,Actor/Performance,ASPECT,positive,0.8144,"I don't see why Lucile Watson was nominated for best supporting actor, i just don't think she did a very good job.",absa_pipeline
imdb_train_4,"This movie was nominated for best picture but lost out to Casablanca but Paul Lukas beat out Humphrey Bogart for best actor. I don't see why Lucile Watson was nominated for best supporting actor, i ju",positive,Bet,Actor/Performance,PERSON,positive,0.6827,Bette Davis and Paul Lukas and their three kids are leaving Mexico and coming into the United States in the first scene of the movie.,absa_pipeline
imdb_train_4,"This movie was nominated for best picture but lost out to Casablanca but Paul Lukas beat out Humphrey Bogart for best actor. I don't see why Lucile Watson was nominated for best supporting actor, i ju",positive,Davis,Actor/Performance,PERSON,negative,0.5767,They are going by train to Davis's relatives house.,absa_pipeline
imdb_train_4,"This movie was nominated for best picture but lost out to Casablanca but Paul Lukas beat out Humphrey Bogart for best actor. I don't see why Lucile Watson was nominated for best supporting actor, i ju",positive,Lukas,Actor/Performance,PERSON,negative,0.5401,It turns out the Nazi only cares about money and is willing to make a deal with Lukas.,absa_pipeline
imdb_train_4,"This movie was nominated for best picture but lost out to Casablanca but Paul Lukas beat out Humphrey Bogart for best actor. I don't see why Lucile Watson was nominated for best supporting actor, i ju",positive,plot,Plot/Story,ASPECT,positive,0.6499,Their is more to the plot but you can find that out for yourself.,absa_pipeline
imdb_train_5,"Just like Al Gore shook us up with his painfully honest and cleverly presented documentary-movie ""An inconvenient truth"", directors Alastair Fothergill and Mark Linfield also remind us that it's about",positive,Al Gore,Actor/Performance,PERSON,positive,0.6756,"Just like Al Gore shook us up with his painfully honest and cleverly presented documentary-movie ""An inconvenient truth"", directors Alastair Fothergill and Mark Linfield also remind us that it's about",absa_pipeline
imdb_train_5,"Just like Al Gore shook us up with his painfully honest and cleverly presented documentary-movie ""An inconvenient truth"", directors Alastair Fothergill and Mark Linfield also remind us that it's about",positive,Alast,Actor/Performance,PERSON,positive,0.6756,"Just like Al Gore shook us up with his painfully honest and cleverly presented documentary-movie ""An inconvenient truth"", directors Alastair Fothergill and Mark Linfield also remind us that it's about",absa_pipeline
imdb_train_5,"Just like Al Gore shook us up with his painfully honest and cleverly presented documentary-movie ""An inconvenient truth"", directors Alastair Fothergill and Mark Linfield also remind us that it's about",positive,Mark Linfield,Actor/Performance,PERSON,positive,0.6756,"Just like Al Gore shook us up with his painfully honest and cleverly presented documentary-movie ""An inconvenient truth"", directors Alastair Fothergill and Mark Linfield also remind us that it's about",absa_pipeline
imdb_train_5,"Just like Al Gore shook us up with his painfully honest and cleverly presented documentary-movie ""An inconvenient truth"", directors Alastair Fothergill and Mark Linfield also remind us that it's about",positive,always interesting monologues,Dialogues/Screenplay,ASPECT,positive,0.5732,Al Gore showed us the bleak future of planet Earth by presenting hard facts backed up by documented examples through long yet always interesting monologues.,absa_pipeline
imdb_train_5,"Just like Al Gore shook us up with his painfully honest and cleverly presented documentary-movie ""An inconvenient truth"", directors Alastair Fothergill and Mark Linfield also remind us that it's about",positive,Patrick Stewart,Actor/Performance,PERSON,positive,0.8298,The voice-over by Patrick Stewart is always relaxing and thus very well done although at first it sounded as though I was watching an X-men movie instead!,absa_pipeline
imdb_train_5,"Just like Al Gore shook us up with his painfully honest and cleverly presented documentary-movie ""An inconvenient truth"", directors Alastair Fothergill and Mark Linfield also remind us that it's about",positive,cinematography,Cinematography/Visuals,ASPECT,positive,0.6818,The cinematography is probably the most remarkable thing of this documentary.,absa_pipeline
imdb_train_6,"Unfortunately, this movie is so bad. The original Out of Towners was manic and very funny, of course they used the script written by Neil Simon. For some reason Neil Simons script is not used in this ",negative,script,Plot/Story,ASPECT,negative,0.6245,"The original Out of Towners was manic and very funny, of course they used the script written by Neil Simon.",absa_pipeline
imdb_train_6,"Unfortunately, this movie is so bad. The original Out of Towners was manic and very funny, of course they used the script written by Neil Simon. For some reason Neil Simons script is not used in this ",negative,Neil Simon,Actor/Performance,PERSON,negative,0.6245,"The original Out of Towners was manic and very funny, of course they used the script written by Neil Simon.",absa_pipeline
imdb_train_6,"Unfortunately, this movie is so bad. The original Out of Towners was manic and very funny, of course they used the script written by Neil Simon. For some reason Neil Simons script is not used in this ",negative,Neil Simons script,Plot/Story,ASPECT,negative,0.8539,For some reason Neil Simons script is not used in this film so it falls flat time and time again.,absa_pipeline
imdb_train_6,"Unfortunately, this movie is so bad. The original Out of Towners was manic and very funny, of course they used the script written by Neil Simon. For some reason Neil Simons script is not used in this ",negative,direction,Direction,ASPECT,negative,0.777,The direction is very slow and tedious and when there is a joke it is given away so the joke dies i.e. The couple having sex in the park.,absa_pipeline
imdb_train_6,"Unfortunately, this movie is so bad. The original Out of Towners was manic and very funny, of course they used the script written by Neil Simon. For some reason Neil Simons script is not used in this ",negative,lighting ceremony,Cinematography/Visuals,ASPECT,positive,0.7749,"They announce it is a lighting ceremony for New York, well we all know the lights are going to come on and we will be able to see cute and mugging Goldie & Steve do a bit of slap stick.",absa_pipeline
imdb_train_6,"Unfortunately, this movie is so bad. The original Out of Towners was manic and very funny, of course they used the script written by Neil Simon. For some reason Neil Simons script is not used in this ",negative,Gold,Actor/Performance,PERSON,positive,0.7749,"They announce it is a lighting ceremony for New York, well we all know the lights are going to come on and we will be able to see cute and mugging Goldie & Steve do a bit of slap stick.",absa_pipeline
imdb_train_6,"Unfortunately, this movie is so bad. The original Out of Towners was manic and very funny, of course they used the script written by Neil Simon. For some reason Neil Simons script is not used in this ",negative,Steve,Actor/Performance,PERSON,positive,0.7749,"They announce it is a lighting ceremony for New York, well we all know the lights are going to come on and we will be able to see cute and mugging Goldie & Steve do a bit of slap stick.",absa_pipeline
imdb_train_6,"Unfortunately, this movie is so bad. The original Out of Towners was manic and very funny, of course they used the script written by Neil Simon. For some reason Neil Simons script is not used in this ",negative,Jack Lemm,Actor/Performance,PERSON,negative,0.5788,"I suggest you rent the original with Jack Lemmon and Sandy Dennis, that's if you want to laugh.",absa_pipeline
imdb_train_6,"Unfortunately, this movie is so bad. The original Out of Towners was manic and very funny, of course they used the script written by Neil Simon. For some reason Neil Simons script is not used in this ",negative,Sandy Dennis,Actor/Performance,PERSON,negative,0.5788,"I suggest you rent the original with Jack Lemmon and Sandy Dennis, that's if you want to laugh.",absa_pipeline
imdb_train_7,Altered Species starts one Friday night in Los Angeles where Dr. Irwin (Guy Vieg) & his laboratory assistant Walter (Allen Lee Haff) are burning the midnight oil as they continue to try & perfect a re,negative,Irwin,Actor/Performance,PERSON,positive,0.547,Altered Species starts one Friday night in Los Angeles where Dr. Irwin (Guy Vieg) & his laboratory assistant Walter (Allen Lee Haff) are burning the midnight oil as they continue to try & perfect a re,absa_pipeline
imdb_train_7,Altered Species starts one Friday night in Los Angeles where Dr. Irwin (Guy Vieg) & his laboratory assistant Walter (Allen Lee Haff) are burning the midnight oil as they continue to try & perfect a re,negative,Guy Vieg,Actor/Performance,PERSON,positive,0.547,Altered Species starts one Friday night in Los Angeles where Dr. Irwin (Guy Vieg) & his laboratory assistant Walter (Allen Lee Haff) are burning the midnight oil as they continue to try & perfect a re,absa_pipeline
imdb_train_7,Altered Species starts one Friday night in Los Angeles where Dr. Irwin (Guy Vieg) & his laboratory assistant Walter (Allen Lee Haff) are burning the midnight oil as they continue to try & perfect a re,negative,Walter,Actor/Performance,PERSON,positive,0.547,Altered Species starts one Friday night in Los Angeles where Dr. Irwin (Guy Vieg) & his laboratory assistant Walter (Allen Lee Haff) are burning the midnight oil as they continue to try & perfect a re,absa_pipeline
imdb_train_7,Altered Species starts one Friday night in Los Angeles where Dr. Irwin (Guy Vieg) & his laboratory assistant Walter (Allen Lee Haff) are burning the midnight oil as they continue to try & perfect a re,negative,Allen Lee Haff,Actor/Performance,PERSON,positive,0.547,Altered Species starts one Friday night in Los Angeles where Dr. Irwin (Guy Vieg) & his laboratory assistant Walter (Allen Lee Haff) are burning the midnight oil as they continue to try & perfect a re,absa_pipeline
imdb_train_7,Altered Species starts one Friday night in Los Angeles where Dr. Irwin (Guy Vieg) & his laboratory assistant Walter (Allen Lee Haff) are burning the midnight oil as they continue to try & perfect a re,negative,Alicia,Actor/Performance,PERSON,positive,0.5352,"Five of Walter's friends, Alicia (Leah Rown in a very fetching outfit including some cool boots that she gets to stomp on a rat with), Gary (Richard Peterson), Burke (Derek Hofman), Frank (David Bradl",absa_pipeline
imdb_train_7,Altered Species starts one Friday night in Los Angeles where Dr. Irwin (Guy Vieg) & his laboratory assistant Walter (Allen Lee Haff) are burning the midnight oil as they continue to try & perfect a re,negative,Leah Row,Actor/Performance,PERSON,positive,0.5352,"Five of Walter's friends, Alicia (Leah Rown in a very fetching outfit including some cool boots that she gets to stomp on a rat with), Gary (Richard Peterson), Burke (Derek Hofman), Frank (David Bradl",absa_pipeline
imdb_train_7,Altered Species starts one Friday night in Los Angeles where Dr. Irwin (Guy Vieg) & his laboratory assistant Walter (Allen Lee Haff) are burning the midnight oil as they continue to try & perfect a re,negative,Gary,Actor/Performance,PERSON,positive,0.5352,"Five of Walter's friends, Alicia (Leah Rown in a very fetching outfit including some cool boots that she gets to stomp on a rat with), Gary (Richard Peterson), Burke (Derek Hofman), Frank (David Bradl",absa_pipeline
imdb_train_7,Altered Species starts one Friday night in Los Angeles where Dr. Irwin (Guy Vieg) & his laboratory assistant Walter (Allen Lee Haff) are burning the midnight oil as they continue to try & perfect a re,negative,Richard Peterson,Actor/Performance,PERSON,positive,0.5352,"Five of Walter's friends, Alicia (Leah Rown in a very fetching outfit including some cool boots that she gets to stomp on a rat with), Gary (Richard Peterson), Burke (Derek Hofman), Frank (David Bradl",absa_pipeline
imdb_train_7,Altered Species starts one Friday night in Los Angeles where Dr. Irwin (Guy Vieg) & his laboratory assistant Walter (Allen Lee Haff) are burning the midnight oil as they continue to try & perfect a re,negative,Burke,Actor/Performance,PERSON,positive,0.5352,"Five of Walter's friends, Alicia (Leah Rown in a very fetching outfit including some cool boots that she gets to stomp on a rat with), Gary (Richard Peterson), Burke (Derek Hofman), Frank (David Bradl",absa_pipeline
imdb_train_7,Altered Species starts one Friday night in Los Angeles where Dr. Irwin (Guy Vieg) & his laboratory assistant Walter (Allen Lee Haff) are burning the midnight oil as they continue to try & perfect a re,negative,Derek Hofman,Actor/Performance,PERSON,positive,0.5352,"Five of Walter's friends, Alicia (Leah Rown in a very fetching outfit including some cool boots that she gets to stomp on a rat with), Gary (Richard Peterson), Burke (Derek Hofman), Frank (David Bradl",absa_pipeline
imdb_train_7,Altered Species starts one Friday night in Los Angeles where Dr. Irwin (Guy Vieg) & his laboratory assistant Walter (Allen Lee Haff) are burning the midnight oil as they continue to try & perfect a re,negative,Frank,Actor/Performance,PERSON,positive,0.5352,"Five of Walter's friends, Alicia (Leah Rown in a very fetching outfit including some cool boots that she gets to stomp on a rat with), Gary (Richard Peterson), Burke (Derek Hofman), Frank (David Bradl",absa_pipeline
imdb_train_7,Altered Species starts one Friday night in Los Angeles where Dr. Irwin (Guy Vieg) & his laboratory assistant Walter (Allen Lee Haff) are burning the midnight oil as they continue to try & perfect a re,negative,David Bradley,Actor/Performance,PERSON,positive,0.5352,"Five of Walter's friends, Alicia (Leah Rown in a very fetching outfit including some cool boots that she gets to stomp on a rat with), Gary (Richard Peterson), Burke (Derek Hofman), Frank (David Bradl",absa_pipeline
imdb_train_7,Altered Species starts one Friday night in Los Angeles where Dr. Irwin (Guy Vieg) & his laboratory assistant Walter (Allen Lee Haff) are burning the midnight oil as they continue to try & perfect a re,negative,Chelsea,Actor/Performance,PERSON,positive,0.5352,"Five of Walter's friends, Alicia (Leah Rown in a very fetching outfit including some cool boots that she gets to stomp on a rat with), Gary (Richard Peterson), Burke (Derek Hofman), Frank (David Bradl",absa_pipeline
imdb_train_7,Altered Species starts one Friday night in Los Angeles where Dr. Irwin (Guy Vieg) & his laboratory assistant Walter (Allen Lee Haff) are burning the midnight oil as they continue to try & perfect a re,negative,Alexandra Townsend,Actor/Performance,PERSON,positive,0.5352,"Five of Walter's friends, Alicia (Leah Rown in a very fetching outfit including some cool boots that she gets to stomp on a rat with), Gary (Richard Peterson), Burke (Derek Hofman), Frank (David Bradl",absa_pipeline
imdb_train_7,Altered Species starts one Friday night in Los Angeles where Dr. Irwin (Guy Vieg) & his laboratory assistant Walter (Allen Lee Haff) are burning the midnight oil as they continue to try & perfect a re,negative,Douglas,Actor/Performance,PERSON,positive,0.6505,Back at the lab & the cleaner Douglas (Robert Broughton) has been attacked & killed by the now homicidal rats in the basement as Walter injects the latest batch of serum in a lab rat which breaks out ,absa_pipeline
imdb_train_7,Altered Species starts one Friday night in Los Angeles where Dr. Irwin (Guy Vieg) & his laboratory assistant Walter (Allen Lee Haff) are burning the midnight oil as they continue to try & perfect a re,negative,Robert Brough,Actor/Performance,PERSON,positive,0.6505,Back at the lab & the cleaner Douglas (Robert Broughton) has been attacked & killed by the now homicidal rats in the basement as Walter injects the latest batch of serum in a lab rat which breaks out ,absa_pipeline
imdb_train_7,Altered Species starts one Friday night in Los Angeles where Dr. Irwin (Guy Vieg) & his laboratory assistant Walter (Allen Lee Haff) are burning the midnight oil as they continue to try & perfect a re,negative,Rod,Actor/Performance,PERSON,positive,0.552,All six become potential rat food... Also known as Rodentz Altered Species was co-edited & directed by Miles Feldman & has very little to recommend it.,absa_pipeline
imdb_train_7,Altered Species starts one Friday night in Los Angeles where Dr. Irwin (Guy Vieg) & his laboratory assistant Walter (Allen Lee Haff) are burning the midnight oil as they continue to try & perfect a re,negative,directed,Direction,ASPECT,positive,0.552,All six become potential rat food... Also known as Rodentz Altered Species was co-edited & directed by Miles Feldman & has very little to recommend it.,absa_pipeline
imdb_train_7,Altered Species starts one Friday night in Los Angeles where Dr. Irwin (Guy Vieg) & his laboratory assistant Walter (Allen Lee Haff) are burning the midnight oil as they continue to try & perfect a re,negative,Miles Feld,Actor/Performance,PERSON,positive,0.552,All six become potential rat food... Also known as Rodentz Altered Species was co-edited & directed by Miles Feldman & has very little to recommend it.,absa_pipeline
imdb_train_7,Altered Species starts one Friday night in Los Angeles where Dr. Irwin (Guy Vieg) & his laboratory assistant Walter (Allen Lee Haff) are burning the midnight oil as they continue to try & perfect a re,negative,script,Plot/Story,ASPECT,negative,0.8729,The script by producer Serge Rodnunsky is poor & coupled together with the general shoddiness of the production as a whole Altered Species really is lame.,absa_pipeline
imdb_train_7,Altered Species starts one Friday night in Los Angeles where Dr. Irwin (Guy Vieg) & his laboratory assistant Walter (Allen Lee Haff) are burning the midnight oil as they continue to try & perfect a re,negative,Serge Rodnu,Actor/Performance,PERSON,negative,0.8729,The script by producer Serge Rodnunsky is poor & coupled together with the general shoddiness of the production as a whole Altered Species really is lame.,absa_pipeline
imdb_train_7,Altered Species starts one Friday night in Los Angeles where Dr. Irwin (Guy Vieg) & his laboratory assistant Walter (Allen Lee Haff) are burning the midnight oil as they continue to try & perfect a re,negative,character,Characters,ASPECT,negative,0.8344,"For a start the character's are dumb, annoying & clichéd.",absa_pipeline
imdb_train_7,Altered Species starts one Friday night in Los Angeles where Dr. Irwin (Guy Vieg) & his laboratory assistant Walter (Allen Lee Haff) are burning the midnight oil as they continue to try & perfect a re,negative,unoriginal plot,Plot/Story,ASPECT,negative,0.5011,"Then there's the unoriginal plot with the mad scientist, the monster he has created, the isolated location, the stranded human cast & the obligatory final showdown between hero & monster.",absa_pipeline
imdb_train_7,Altered Species starts one Friday night in Los Angeles where Dr. Irwin (Guy Vieg) & his laboratory assistant Walter (Allen Lee Haff) are burning the midnight oil as they continue to try & perfect a re,negative,stranded human cast,Actor/Performance,ASPECT,negative,0.5011,"Then there's the unoriginal plot with the mad scientist, the monster he has created, the isolated location, the stranded human cast & the obligatory final showdown between hero & monster.",absa_pipeline
imdb_train_7,Altered Species starts one Friday night in Los Angeles where Dr. Irwin (Guy Vieg) & his laboratory assistant Walter (Allen Lee Haff) are burning the midnight oil as they continue to try & perfect a re,negative,hero,Characters,ASPECT,negative,0.5011,"Then there's the unoriginal plot with the mad scientist, the monster he has created, the isolated location, the stranded human cast & the obligatory final showdown between hero & monster.",absa_pipeline
imdb_train_7,Altered Species starts one Friday night in Los Angeles where Dr. Irwin (Guy Vieg) & his laboratory assistant Walter (Allen Lee Haff) are burning the midnight oil as they continue to try & perfect a re,negative,fair pace,Pacing/Editing,ASPECT,positive,0.6737,Altered Species moves along at a fair pace which is just about the best thing I can say about it & thankfully doesn't last that long.,absa_pipeline
imdb_train_7,Altered Species starts one Friday night in Los Angeles where Dr. Irwin (Guy Vieg) & his laboratory assistant Walter (Allen Lee Haff) are burning the midnight oil as they continue to try & perfect a re,negative,Director Feldman,Direction,ASPECT,negative,0.7941,Director Feldman films like a TV film & the whole thing is throughly bland & forgettable while some of the special effects & attack scenes leave a lot to be desired.,absa_pipeline
imdb_train_7,Altered Species starts one Friday night in Los Angeles where Dr. Irwin (Guy Vieg) & his laboratory assistant Walter (Allen Lee Haff) are burning the midnight oil as they continue to try & perfect a re,negative,special effects & attack scenes,Special Effects/CGI,ASPECT,negative,0.7941,Director Feldman films like a TV film & the whole thing is throughly bland & forgettable while some of the special effects & attack scenes leave a lot to be desired.,absa_pipeline
imdb_train_7,Altered Species starts one Friday night in Los Angeles where Dr. Irwin (Guy Vieg) & his laboratory assistant Walter (Allen Lee Haff) are burning the midnight oil as they continue to try & perfect a re,negative,CGI rats,Special Effects/CGI,ASPECT,negative,0.8803,"For a start the CGI rats are awful, the attack sequences feature hand-held jerky camera movement & really quick edits to try & hide the fact that all the rats are just passively sitting there.",absa_pipeline
imdb_train_7,Altered Species starts one Friday night in Los Angeles where Dr. Irwin (Guy Vieg) & his laboratory assistant Walter (Allen Lee Haff) are burning the midnight oil as they continue to try & perfect a re,negative,no tension,Atmosphere/Tone,ASPECT,negative,0.6967,"There are no scares, no tension or atmosphere & since when did basements contain bright neon lighting?",absa_pipeline
imdb_train_7,Altered Species starts one Friday night in Los Angeles where Dr. Irwin (Guy Vieg) & his laboratory assistant Walter (Allen Lee Haff) are burning the midnight oil as they continue to try & perfect a re,negative,atmosphere,Atmosphere/Tone,ASPECT,negative,0.6967,"There are no scares, no tension or atmosphere & since when did basements contain bright neon lighting?",absa_pipeline
imdb_train_7,Altered Species starts one Friday night in Los Angeles where Dr. Irwin (Guy Vieg) & his laboratory assistant Walter (Allen Lee Haff) are burning the midnight oil as they continue to try & perfect a re,negative,bright neon lighting,Cinematography/Visuals,ASPECT,negative,0.6967,"There are no scares, no tension or atmosphere & since when did basements contain bright neon lighting?",absa_pipeline
imdb_train_7,Altered Species starts one Friday night in Los Angeles where Dr. Irwin (Guy Vieg) & his laboratory assistant Walter (Allen Lee Haff) are burning the midnight oil as they continue to try & perfect a re,negative,cheap looking CGI effects,Special Effects/CGI,ASPECT,negative,0.685,"It takes place within the confines of one building, has cheap looking CGI effects & low production values.",absa_pipeline
imdb_train_7,Altered Species starts one Friday night in Los Angeles where Dr. Irwin (Guy Vieg) & his laboratory assistant Walter (Allen Lee Haff) are burning the midnight oil as they continue to try & perfect a re,negative,acting,Actor/Performance,ASPECT,negative,0.7528,The acting isn't up to much,absa_pipeline
imdb_train_8,"'The Luzhin Defence' is a movie worthy of anyone's time. it is a brooding, intense film, and kept my attention the entire time. John Turturro is absolutely stunning in his portrayal of a tender, eccen",positive,John Turturro,Actor/Performance,PERSON,positive,0.8763,"John Turturro is absolutely stunning in his portrayal of a tender, eccentric chess Grandmaster, and Emily Watson is spell-binding as the gentle but rebellious daughter of a highly respected Russian fa",absa_pipeline
imdb_train_8,"'The Luzhin Defence' is a movie worthy of anyone's time. it is a brooding, intense film, and kept my attention the entire time. John Turturro is absolutely stunning in his portrayal of a tender, eccen",positive,portrayal,Actor/Performance,ASPECT,positive,0.8763,"John Turturro is absolutely stunning in his portrayal of a tender, eccentric chess Grandmaster, and Emily Watson is spell-binding as the gentle but rebellious daughter of a highly respected Russian fa",absa_pipeline
imdb_train_8,"'The Luzhin Defence' is a movie worthy of anyone's time. it is a brooding, intense film, and kept my attention the entire time. John Turturro is absolutely stunning in his portrayal of a tender, eccen",positive,Emily Watson,Actor/Performance,PERSON,positive,0.8763,"John Turturro is absolutely stunning in his portrayal of a tender, eccentric chess Grandmaster, and Emily Watson is spell-binding as the gentle but rebellious daughter of a highly respected Russian fa",absa_pipeline
imdb_train_8,"'The Luzhin Defence' is a movie worthy of anyone's time. it is a brooding, intense film, and kept my attention the entire time. John Turturro is absolutely stunning in his portrayal of a tender, eccen",positive,chemistry,Actor/Performance,ASPECT,positive,0.6921,The chemistry between Watson and Turturro on screen is obvious from the moment their characters meet in the story.,absa_pipeline
imdb_train_8,"'The Luzhin Defence' is a movie worthy of anyone's time. it is a brooding, intense film, and kept my attention the entire time. John Turturro is absolutely stunning in his portrayal of a tender, eccen",positive,Watson,Actor/Performance,PERSON,positive,0.6921,The chemistry between Watson and Turturro on screen is obvious from the moment their characters meet in the story.,absa_pipeline
imdb_train_8,"'The Luzhin Defence' is a movie worthy of anyone's time. it is a brooding, intense film, and kept my attention the entire time. John Turturro is absolutely stunning in his portrayal of a tender, eccen",positive,characters,Characters,ASPECT,positive,0.6921,The chemistry between Watson and Turturro on screen is obvious from the moment their characters meet in the story.,absa_pipeline
imdb_train_8,"'The Luzhin Defence' is a movie worthy of anyone's time. it is a brooding, intense film, and kept my attention the entire time. John Turturro is absolutely stunning in his portrayal of a tender, eccen",positive,story,Plot/Story,ASPECT,positive,0.6921,The chemistry between Watson and Turturro on screen is obvious from the moment their characters meet in the story.,absa_pipeline
imdb_train_8,"'The Luzhin Defence' is a movie worthy of anyone's time. it is a brooding, intense film, and kept my attention the entire time. John Turturro is absolutely stunning in his portrayal of a tender, eccen",positive,best in-depth looks,Characters,ASPECT,positive,0.8848,"All in all, this movie is one of the best in-depth looks at the life of a chess Grandmaster, and Turturro and Watson add a whole non-mainstream, non-cliche feel to the film.",absa_pipeline
imdb_train_8,"'The Luzhin Defence' is a movie worthy of anyone's time. it is a brooding, intense film, and kept my attention the entire time. John Turturro is absolutely stunning in his portrayal of a tender, eccen",positive,Turt,Actor/Performance,PERSON,positive,0.8848,"All in all, this movie is one of the best in-depth looks at the life of a chess Grandmaster, and Turturro and Watson add a whole non-mainstream, non-cliche feel to the film.",absa_pipeline
imdb_train_8,"'The Luzhin Defence' is a movie worthy of anyone's time. it is a brooding, intense film, and kept my attention the entire time. John Turturro is absolutely stunning in his portrayal of a tender, eccen",positive,feel,Atmosphere/Tone,ASPECT,positive,0.8848,"All in all, this movie is one of the best in-depth looks at the life of a chess Grandmaster, and Turturro and Watson add a whole non-mainstream, non-cliche feel to the film.",absa_pipeline
imdb_train_8,"'The Luzhin Defence' is a movie worthy of anyone's time. it is a brooding, intense film, and kept my attention the entire time. John Turturro is absolutely stunning in his portrayal of a tender, eccen",positive,love stories,Plot/Story,ASPECT,positive,0.8572,"Most people will come out of the theater thinking, and feeling somewhat touched by this brilliant look at the most unlikely of love stories.",absa_pipeline
imdb_train_9,"This film's trailer interested me enough to warrant renting the DVD. However, the resulting movie is absolutely dire! Admittedly, this is not the worst film ever made, or the worst film this year, but",negative,comedy,Atmosphere/Tone,ASPECT,positive,0.592,"The main issue is the film not knowing what it wants to be: comedy, adult drama, thriller, teen-porn?",absa_pipeline
imdb_train_9,"This film's trailer interested me enough to warrant renting the DVD. However, the resulting movie is absolutely dire! Admittedly, this is not the worst film ever made, or the worst film this year, but",negative,adult drama,Plot/Story,ASPECT,positive,0.592,"The main issue is the film not knowing what it wants to be: comedy, adult drama, thriller, teen-porn?",absa_pipeline
imdb_train_9,"This film's trailer interested me enough to warrant renting the DVD. However, the resulting movie is absolutely dire! Admittedly, this is not the worst film ever made, or the worst film this year, but",negative,story,Plot/Story,ASPECT,positive,0.5339,"The story is interesting, as it deals with the pitfalls of mail-order brides, but the film is a mess.",absa_pipeline
imdb_train_9,"This film's trailer interested me enough to warrant renting the DVD. However, the resulting movie is absolutely dire! Admittedly, this is not the worst film ever made, or the worst film this year, but",negative,"mildly interesting ""comedy",Atmosphere/Tone,ASPECT,negative,0.5922,"What starts out as a mildly interesting ""comedy"" (a word I use in the loosest possible terms), then goes totally in reverse, and degenerates into a very dark and distasteful misogynistic thriller.",absa_pipeline
imdb_train_9,"This film's trailer interested me enough to warrant renting the DVD. However, the resulting movie is absolutely dire! Admittedly, this is not the worst film ever made, or the worst film this year, but",negative,Nicole Kid,Actor/Performance,PERSON,negative,0.6086,"Nicole Kidman should know better, and Ben Chaplin is wasted!",absa_pipeline
imdb_train_9,"This film's trailer interested me enough to warrant renting the DVD. However, the resulting movie is absolutely dire! Admittedly, this is not the worst film ever made, or the worst film this year, but",negative,Ben Chaplin,Actor/Performance,PERSON,negative,0.6086,"Nicole Kidman should know better, and Ben Chaplin is wasted!",absa_pipeline
imdb_train_9,"This film's trailer interested me enough to warrant renting the DVD. However, the resulting movie is absolutely dire! Admittedly, this is not the worst film ever made, or the worst film this year, but",negative,Matt,Actor/Performance,PERSON,negative,0.7372,"As are Matthieu Kassovitz and Vincent Cassel, whom I can only presume did this for the money.",absa_pipeline
imdb_train_9,"This film's trailer interested me enough to warrant renting the DVD. However, the resulting movie is absolutely dire! Admittedly, this is not the worst film ever made, or the worst film this year, but",negative,Vincent Cassel,Actor/Performance,PERSON,negative,0.7372,"As are Matthieu Kassovitz and Vincent Cassel, whom I can only presume did this for the money.",absa_pipeline
imdb_train_9,"This film's trailer interested me enough to warrant renting the DVD. However, the resulting movie is absolutely dire! Admittedly, this is not the worst film ever made, or the worst film this year, but",negative,Benny Hill,Actor/Performance,PERSON,negative,0.6126,"It's not funny, it's almost so sexist that you could almost forgive Benny Hill for everything he did, and the dramatic elements are just downright nasty.",absa_pipeline
imdb_train_9,"This film's trailer interested me enough to warrant renting the DVD. However, the resulting movie is absolutely dire! Admittedly, this is not the worst film ever made, or the worst film this year, but",negative,Kidman,Actor/Performance,PERSON,negative,0.645,"A film to be avoided, unless you absolutely have to see Kidman or Chaplin in every one of their films!",absa_pipeline
imdb_train_9,"This film's trailer interested me enough to warrant renting the DVD. However, the resulting movie is absolutely dire! Admittedly, this is not the worst film ever made, or the worst film this year, but",negative,Chaplin,Actor/Performance,PERSON,negative,0.645,"A film to be avoided, unless you absolutely have to see Kidman or Chaplin in every one of their films!",absa_pipeline
imdb_train_10,"The only reason I watched this film was because I had recently read Robert Hough's less than perfect, but interesting, fictionalised account of the life of Big Cat trainer Mabel Stark. Beaty appears a",negative,Robert Hough,Actor/Performance,PERSON,negative,0.5805,"The only reason I watched this film was because I had recently read Robert Hough's less than perfect, but interesting, fictionalised account of the life of Big Cat trainer Mabel Stark.",absa_pipeline
imdb_train_10,"The only reason I watched this film was because I had recently read Robert Hough's less than perfect, but interesting, fictionalised account of the life of Big Cat trainer Mabel Stark. Beaty appears a",negative,Mabel Stark,Actor/Performance,PERSON,negative,0.5805,"The only reason I watched this film was because I had recently read Robert Hough's less than perfect, but interesting, fictionalised account of the life of Big Cat trainer Mabel Stark.",absa_pipeline
imdb_train_10,"The only reason I watched this film was because I had recently read Robert Hough's less than perfect, but interesting, fictionalised account of the life of Big Cat trainer Mabel Stark. Beaty appears a",negative,Beat,Actor/Performance,PERSON,negative,0.6308,"Beaty appears as a character in the book, in a less than flattering light.",absa_pipeline
imdb_train_10,"The only reason I watched this film was because I had recently read Robert Hough's less than perfect, but interesting, fictionalised account of the life of Big Cat trainer Mabel Stark. Beaty appears a",negative,character,Characters,ASPECT,negative,0.6308,"Beaty appears as a character in the book, in a less than flattering light.",absa_pipeline
imdb_train_10,"The only reason I watched this film was because I had recently read Robert Hough's less than perfect, but interesting, fictionalised account of the life of Big Cat trainer Mabel Stark. Beaty appears a",negative,our hero,Characters,ASPECT,negative,0.5905,For instance are we really expected to believe our hero dug that twenty foot deep tiger trap in a morning without even getting his jodhpurs dirty?,absa_pipeline
imdb_train_10,"The only reason I watched this film was because I had recently read Robert Hough's less than perfect, but interesting, fictionalised account of the life of Big Cat trainer Mabel Stark. Beaty appears a",negative,cuts,Pacing/Editing,ASPECT,negative,0.5687,I guess that's where some of the cuts were made.,absa_pipeline
imdb_train_11,"I have to say that Higher Learning is one of the top 3 movies I have ever watched. It has a brilliant cast, and an equally brilliant director. Singleton shows how life in University can be. There are ",positive,brilliant cast,Actor/Performance,ASPECT,positive,0.9058,"It has a brilliant cast, and an equally brilliant director.",absa_pipeline
imdb_train_11,"I have to say that Higher Learning is one of the top 3 movies I have ever watched. It has a brilliant cast, and an equally brilliant director. Singleton shows how life in University can be. There are ",positive,equally brilliant director,Direction,ASPECT,positive,0.9058,"It has a brilliant cast, and an equally brilliant director.",absa_pipeline
imdb_train_11,"I have to say that Higher Learning is one of the top 3 movies I have ever watched. It has a brilliant cast, and an equally brilliant director. Singleton shows how life in University can be. There are ",positive,Single,Actor/Performance,PERSON,positive,0.7844,Singleton shows how life in University can be.,absa_pipeline
imdb_train_11,"I have to say that Higher Learning is one of the top 3 movies I have ever watched. It has a brilliant cast, and an equally brilliant director. Singleton shows how life in University can be. There are ",positive,3 main story lines,Plot/Story,ASPECT,positive,0.5614,"There are 3 main story lines, the skinheads, the African-Americans, and the homosexuals.",absa_pipeline
imdb_train_11,"I have to say that Higher Learning is one of the top 3 movies I have ever watched. It has a brilliant cast, and an equally brilliant director. Singleton shows how life in University can be. There are ",positive,stories,Plot/Story,ASPECT,positive,0.6237,"I was intrigued by all of the stories, but the one that got to me the most was the storyline about Kristen, battling her feelings towards another girl.",absa_pipeline
imdb_train_11,"I have to say that Higher Learning is one of the top 3 movies I have ever watched. It has a brilliant cast, and an equally brilliant director. Singleton shows how life in University can be. There are ",positive,storyline,Plot/Story,ASPECT,positive,0.6237,"I was intrigued by all of the stories, but the one that got to me the most was the storyline about Kristen, battling her feelings towards another girl.",absa_pipeline
imdb_train_11,"I have to say that Higher Learning is one of the top 3 movies I have ever watched. It has a brilliant cast, and an equally brilliant director. Singleton shows how life in University can be. There are ",positive,Kristen,Actor/Performance,PERSON,positive,0.6237,"I was intrigued by all of the stories, but the one that got to me the most was the storyline about Kristen, battling her feelings towards another girl.",absa_pipeline
imdb_train_12,"I don't think I've ever felt this let down by a film before. After loving Guy Ritchie's two previous films (I don't count Swept Away - he was pussy blind), I was so looking forward to seeing this. The",negative,Guy Ritchie,Actor/Performance,PERSON,negative,0.7174,"After loving Guy Ritchie's two previous films (I don't count Swept Away - he was pussy blind), I was so looking forward to seeing this.",absa_pipeline
imdb_train_12,"I don't think I've ever felt this let down by a film before. After loving Guy Ritchie's two previous films (I don't count Swept Away - he was pussy blind), I was so looking forward to seeing this. The",negative,Ritchie,Actor/Performance,PERSON,negative,0.7915,Unfortunately I think Ritchie seems to have fallen into his wife's trap of taking himself far too seriously.,absa_pipeline
imdb_train_12,"I don't think I've ever felt this let down by a film before. After loving Guy Ritchie's two previous films (I don't count Swept Away - he was pussy blind), I was so looking forward to seeing this. The",negative,good plots,Plot/Story,ASPECT,negative,0.626,"It seems it wasn't good enough for him to make films with good plots, laughs, snappy dialogue and good characters.",absa_pipeline
imdb_train_12,"I don't think I've ever felt this let down by a film before. After loving Guy Ritchie's two previous films (I don't count Swept Away - he was pussy blind), I was so looking forward to seeing this. The",negative,snappy dialogue,Dialogues/Screenplay,ASPECT,negative,0.626,"It seems it wasn't good enough for him to make films with good plots, laughs, snappy dialogue and good characters.",absa_pipeline
imdb_train_12,"I don't think I've ever felt this let down by a film before. After loving Guy Ritchie's two previous films (I don't count Swept Away - he was pussy blind), I was so looking forward to seeing this. The",negative,good characters,Characters,ASPECT,negative,0.626,"It seems it wasn't good enough for him to make films with good plots, laughs, snappy dialogue and good characters.",absa_pipeline
imdb_train_12,"I don't think I've ever felt this let down by a film before. After loving Guy Ritchie's two previous films (I don't count Swept Away - he was pussy blind), I was so looking forward to seeing this. The",negative,performances,Actor/Performance,ASPECT,positive,0.6757,"I think the most frustrating thing is that the performances from the two main actors, Jason Statham and Ray Liotta, were actually very good and it was really the self indulgent story and editing / dir",absa_pipeline
imdb_train_12,"I don't think I've ever felt this let down by a film before. After loving Guy Ritchie's two previous films (I don't count Swept Away - he was pussy blind), I was so looking forward to seeing this. The",negative,two main actors,Actor/Performance,ASPECT,positive,0.6757,"I think the most frustrating thing is that the performances from the two main actors, Jason Statham and Ray Liotta, were actually very good and it was really the self indulgent story and editing / dir",absa_pipeline
imdb_train_12,"I don't think I've ever felt this let down by a film before. After loving Guy Ritchie's two previous films (I don't count Swept Away - he was pussy blind), I was so looking forward to seeing this. The",negative,Jason Statham,Actor/Performance,PERSON,positive,0.6757,"I think the most frustrating thing is that the performances from the two main actors, Jason Statham and Ray Liotta, were actually very good and it was really the self indulgent story and editing / dir",absa_pipeline
imdb_train_12,"I don't think I've ever felt this let down by a film before. After loving Guy Ritchie's two previous films (I don't count Swept Away - he was pussy blind), I was so looking forward to seeing this. The",negative,Ray Liott,Actor/Performance,PERSON,positive,0.6757,"I think the most frustrating thing is that the performances from the two main actors, Jason Statham and Ray Liotta, were actually very good and it was really the self indulgent story and editing / dir",absa_pipeline
imdb_train_12,"I don't think I've ever felt this let down by a film before. After loving Guy Ritchie's two previous films (I don't count Swept Away - he was pussy blind), I was so looking forward to seeing this. The",negative,self indulgent story,Plot/Story,ASPECT,positive,0.6757,"I think the most frustrating thing is that the performances from the two main actors, Jason Statham and Ray Liotta, were actually very good and it was really the self indulgent story and editing / dir",absa_pipeline
imdb_train_12,"I don't think I've ever felt this let down by a film before. After loving Guy Ritchie's two previous films (I don't count Swept Away - he was pussy blind), I was so looking forward to seeing this. The",negative,editing / direction,Direction,ASPECT,positive,0.6757,"I think the most frustrating thing is that the performances from the two main actors, Jason Statham and Ray Liotta, were actually very good and it was really the self indulgent story and editing / dir",absa_pipeline
imdb_train_13,"Not one of Keaton's best efforts, this was perhaps a veiled attempt to revenge himself on the family he married into - the Talmadges. A Polish/English language barrier and a series of coincidences lea",negative,Buster,Actor/Performance,PERSON,positive,0.7395,"A Polish/English language barrier and a series of coincidences leads Buster into a marriage with a large Irish woman, who (along with her father and brothers) treat him shabbily until they think he ma",absa_pipeline
imdb_train_13,"Not one of Keaton's best efforts, this was perhaps a veiled attempt to revenge himself on the family he married into - the Talmadges. A Polish/English language barrier and a series of coincidences lea",negative,score,Music/Soundtrack,ASPECT,positive,0.6273,"Kino's print is crisp and clear and the score is one for player piano, drums and sound effects.",absa_pipeline
imdb_train_13,"Not one of Keaton's best efforts, this was perhaps a veiled attempt to revenge himself on the family he married into - the Talmadges. A Polish/English language barrier and a series of coincidences lea",negative,sound effects,Music/Soundtrack,ASPECT,positive,0.6273,"Kino's print is crisp and clear and the score is one for player piano, drums and sound effects.",absa_pipeline
imdb_train_14,"'Where the Sidewalk Ends (1950)' opens, appropriately, with Dana Andrews' and Gene Tierneys' names inscribed on the sidewalk, as dirty water streams down between the bars of a sewer grate. The sidewal",positive,Dana Andrews,Actor/Performance,PERSON,positive,0.7028,"'Where the Sidewalk Ends (1950)' opens, appropriately, with Dana Andrews' and Gene Tierneys' names inscribed on the sidewalk, as dirty water streams down between the bars of a sewer grate.",absa_pipeline
imdb_train_14,"'Where the Sidewalk Ends (1950)' opens, appropriately, with Dana Andrews' and Gene Tierneys' names inscribed on the sidewalk, as dirty water streams down between the bars of a sewer grate. The sidewal",positive,Gene Tierney,Actor/Performance,PERSON,positive,0.7028,"'Where the Sidewalk Ends (1950)' opens, appropriately, with Dana Andrews' and Gene Tierneys' names inscribed on the sidewalk, as dirty water streams down between the bars of a sewer grate.",absa_pipeline
imdb_train_14,"'Where the Sidewalk Ends (1950)' opens, appropriately, with Dana Andrews' and Gene Tierneys' names inscribed on the sidewalk, as dirty water streams down between the bars of a sewer grate. The sidewal",positive,Mark Dixon,Actor/Performance,PERSON,positive,0.832,"Mark Dixon (Dana Andrews) was born in the gutter, his father a professional criminal, and has spent his entire life clawing his way back onto the sidewalk, perpetually balanced on the edge of the kerb",absa_pipeline
imdb_train_14,"'Where the Sidewalk Ends (1950)' opens, appropriately, with Dana Andrews' and Gene Tierneys' names inscribed on the sidewalk, as dirty water streams down between the bars of a sewer grate. The sidewal",positive,Dixon,Actor/Performance,PERSON,negative,0.5563,"As a police detective, Dixon wants nothing more than to display the decency and integrity that his father lacked, but he possesses a mean-streak that he can't escape.",absa_pipeline
imdb_train_14,"'Where the Sidewalk Ends (1950)' opens, appropriately, with Dana Andrews' and Gene Tierneys' names inscribed on the sidewalk, as dirty water streams down between the bars of a sewer grate. The sidewal",positive,Otto Preming,Actor/Performance,PERSON,positive,0.6684,"'Where the Sidewalk Ends' was the only film to reunite Dana Andrews, Gene Tierney and director Otto Preminger after the superb 'Laura (1944),' though the two films, as far as noir goes, couldn't be fu",absa_pipeline
imdb_train_14,"'Where the Sidewalk Ends (1950)' opens, appropriately, with Dana Andrews' and Gene Tierneys' names inscribed on the sidewalk, as dirty water streams down between the bars of a sewer grate. The sidewal",positive,Laura,Actor/Performance,PERSON,positive,0.6684,"'Where the Sidewalk Ends' was the only film to reunite Dana Andrews, Gene Tierney and director Otto Preminger after the superb 'Laura (1944),' though the two films, as far as noir goes, couldn't be fu",absa_pipeline
imdb_train_14,"'Where the Sidewalk Ends (1950)' opens, appropriately, with Dana Andrews' and Gene Tierneys' names inscribed on the sidewalk, as dirty water streams down between the bars of a sewer grate. The sidewal",positive,country-house murder tale,Plot/Story,ASPECT,positive,0.8451,"Whereas the earlier picture had the strong intimacy of a country-house murder tale, this film is more conventional as a gritty urban police drama.",absa_pipeline
imdb_train_14,"'Where the Sidewalk Ends (1950)' opens, appropriately, with Dana Andrews' and Gene Tierneys' names inscribed on the sidewalk, as dirty water streams down between the bars of a sewer grate. The sidewal",positive,gritty urban police drama,Plot/Story,ASPECT,positive,0.8451,"Whereas the earlier picture had the strong intimacy of a country-house murder tale, this film is more conventional as a gritty urban police drama.",absa_pipeline
imdb_train_14,"'Where the Sidewalk Ends (1950)' opens, appropriately, with Dana Andrews' and Gene Tierneys' names inscribed on the sidewalk, as dirty water streams down between the bars of a sewer grate. The sidewal",positive,ravishingly memorable performance,Actor/Performance,ASPECT,positive,0.7328,"Given her ravishingly memorable performance as Laura Hunt, it's unfortunate that here Tierney is grossly underused, occupying the typical niche of the pretty, helpless romantic interest {much as she d",absa_pipeline
imdb_train_14,"'Where the Sidewalk Ends (1950)' opens, appropriately, with Dana Andrews' and Gene Tierneys' names inscribed on the sidewalk, as dirty water streams down between the bars of a sewer grate. The sidewal",positive,Laura Hunt,Actor/Performance,PERSON,positive,0.7328,"Given her ravishingly memorable performance as Laura Hunt, it's unfortunate that here Tierney is grossly underused, occupying the typical niche of the pretty, helpless romantic interest {much as she d",absa_pipeline
imdb_train_14,"'Where the Sidewalk Ends (1950)' opens, appropriately, with Dana Andrews' and Gene Tierneys' names inscribed on the sidewalk, as dirty water streams down between the bars of a sewer grate. The sidewal",positive,Tierney,Actor/Performance,PERSON,positive,0.7328,"Given her ravishingly memorable performance as Laura Hunt, it's unfortunate that here Tierney is grossly underused, occupying the typical niche of the pretty, helpless romantic interest {much as she d",absa_pipeline
imdb_train_14,"'Where the Sidewalk Ends (1950)' opens, appropriately, with Dana Andrews' and Gene Tierneys' names inscribed on the sidewalk, as dirty water streams down between the bars of a sewer grate. The sidewal",positive,Jules Dassin,Actor/Performance,PERSON,positive,0.7328,"Given her ravishingly memorable performance as Laura Hunt, it's unfortunate that here Tierney is grossly underused, occupying the typical niche of the pretty, helpless romantic interest {much as she d",absa_pipeline
imdb_train_14,"'Where the Sidewalk Ends (1950)' opens, appropriately, with Dana Andrews' and Gene Tierneys' names inscribed on the sidewalk, as dirty water streams down between the bars of a sewer grate. The sidewal",positive,Andrews,Actor/Performance,PERSON,positive,0.5443,"Andrews, on the other hand, has rarely been better, exhibiting a toughness and unhinged anger that I hadn't expected of him.",absa_pipeline
imdb_train_14,"'Where the Sidewalk Ends (1950)' opens, appropriately, with Dana Andrews' and Gene Tierneys' names inscribed on the sidewalk, as dirty water streams down between the bars of a sewer grate. The sidewal",positive,Gary,Actor/Performance,PERSON,negative,0.6357,"Gary Merrill is suitably smug as the crime boss Scalise, but he doesn't seem mean enough for the role, and I think that an actor like Richard Conte (who played Mr. Brown in 'The Big Combo (1955)') wou",absa_pipeline
imdb_train_14,"'Where the Sidewalk Ends (1950)' opens, appropriately, with Dana Andrews' and Gene Tierneys' names inscribed on the sidewalk, as dirty water streams down between the bars of a sewer grate. The sidewal",positive,Merrill,Actor/Performance,PERSON,negative,0.6357,"Gary Merrill is suitably smug as the crime boss Scalise, but he doesn't seem mean enough for the role, and I think that an actor like Richard Conte (who played Mr. Brown in 'The Big Combo (1955)') wou",absa_pipeline
imdb_train_14,"'Where the Sidewalk Ends (1950)' opens, appropriately, with Dana Andrews' and Gene Tierneys' names inscribed on the sidewalk, as dirty water streams down between the bars of a sewer grate. The sidewal",positive,role,Actor/Performance,ASPECT,negative,0.6357,"Gary Merrill is suitably smug as the crime boss Scalise, but he doesn't seem mean enough for the role, and I think that an actor like Richard Conte (who played Mr. Brown in 'The Big Combo (1955)') wou",absa_pipeline
imdb_train_14,"'Where the Sidewalk Ends (1950)' opens, appropriately, with Dana Andrews' and Gene Tierneys' names inscribed on the sidewalk, as dirty water streams down between the bars of a sewer grate. The sidewal",positive,actor,Actor/Performance,ASPECT,negative,0.6357,"Gary Merrill is suitably smug as the crime boss Scalise, but he doesn't seem mean enough for the role, and I think that an actor like Richard Conte (who played Mr. Brown in 'The Big Combo (1955)') wou",absa_pipeline
imdb_train_14,"'Where the Sidewalk Ends (1950)' opens, appropriately, with Dana Andrews' and Gene Tierneys' names inscribed on the sidewalk, as dirty water streams down between the bars of a sewer grate. The sidewal",positive,Richard,Actor/Performance,PERSON,negative,0.6357,"Gary Merrill is suitably smug as the crime boss Scalise, but he doesn't seem mean enough for the role, and I think that an actor like Richard Conte (who played Mr. Brown in 'The Big Combo (1955)') wou",absa_pipeline
imdb_train_14,"'Where the Sidewalk Ends (1950)' opens, appropriately, with Dana Andrews' and Gene Tierneys' names inscribed on the sidewalk, as dirty water streams down between the bars of a sewer grate. The sidewal",positive,Brown,Actor/Performance,PERSON,negative,0.6357,"Gary Merrill is suitably smug as the crime boss Scalise, but he doesn't seem mean enough for the role, and I think that an actor like Richard Conte (who played Mr. Brown in 'The Big Combo (1955)') wou",absa_pipeline
imdb_train_14,"'Where the Sidewalk Ends (1950)' opens, appropriately, with Dana Andrews' and Gene Tierneys' names inscribed on the sidewalk, as dirty water streams down between the bars of a sewer grate. The sidewal",positive,character,Characters,ASPECT,negative,0.6357,"Gary Merrill is suitably smug as the crime boss Scalise, but he doesn't seem mean enough for the role, and I think that an actor like Richard Conte (who played Mr. Brown in 'The Big Combo (1955)') wou",absa_pipeline
imdb_train_14,"'Where the Sidewalk Ends (1950)' opens, appropriately, with Dana Andrews' and Gene Tierneys' names inscribed on the sidewalk, as dirty water streams down between the bars of a sewer grate. The sidewal",positive,tension,Atmosphere/Tone,ASPECT,positive,0.7378,"The tension, as Dixon attempts to cover up his accidental crime, is absolutely riveting  certainly among the most suspenseful sequences of its era  though I feel that the situation still wasn't expl",absa_pipeline
imdb_train_14,"'Where the Sidewalk Ends (1950)' opens, appropriately, with Dana Andrews' and Gene Tierneys' names inscribed on the sidewalk, as dirty water streams down between the bars of a sewer grate. The sidewal",positive,feel,Atmosphere/Tone,ASPECT,positive,0.7378,"The tension, as Dixon attempts to cover up his accidental crime, is absolutely riveting  certainly among the most suspenseful sequences of its era  though I feel that the situation still wasn't expl",absa_pipeline
imdb_train_14,"'Where the Sidewalk Ends (1950)' opens, appropriately, with Dana Andrews' and Gene Tierneys' names inscribed on the sidewalk, as dirty water streams down between the bars of a sewer grate. The sidewal",positive,otherwise excellent screenplay,Plot/Story,ASPECT,positive,0.8191,"Niggling inconsistencies such as these tarnish an otherwise excellent screenplay from Ben Hecht, who infuses his gritty criminal underworld with hard-hitting cops and wise-cracking felons.",absa_pipeline
imdb_train_15,"if my grandma did films they would probably do much better figure than this one... incredible bad... the main characters (the mom, the dad and son) are OK. Specially the mother she's a nice actress an",negative,main characters,Characters,ASPECT,negative,0.647,"the main characters (the mom, the dad and son) are OK.",absa_pipeline
imdb_train_15,"if my grandma did films they would probably do much better figure than this one... incredible bad... the main characters (the mom, the dad and son) are OK. Specially the mother she's a nice actress an",negative,nice actress,Actor/Performance,ASPECT,negative,0.6783,Specially the mother she's a nice actress and the kid also proves to be a nice one specially on the scenes where he is supposed to be scary.,absa_pipeline
imdb_train_15,"if my grandma did films they would probably do much better figure than this one... incredible bad... the main characters (the mom, the dad and son) are OK. Specially the mother she's a nice actress an",negative,the director,Direction,ASPECT,negative,0.7134,"But does the the director know the meaning of the words Plot Point, Triller and Good Script.",absa_pipeline
imdb_train_15,"if my grandma did films they would probably do much better figure than this one... incredible bad... the main characters (the mom, the dad and son) are OK. Specially the mother she's a nice actress an",negative,Plot Point,Plot/Story,ASPECT,negative,0.7134,"But does the the director know the meaning of the words Plot Point, Triller and Good Script.",absa_pipeline
imdb_train_15,"if my grandma did films they would probably do much better figure than this one... incredible bad... the main characters (the mom, the dad and son) are OK. Specially the mother she's a nice actress an",negative,Tri,Actor/Performance,PERSON,negative,0.7134,"But does the the director know the meaning of the words Plot Point, Triller and Good Script.",absa_pipeline
imdb_train_15,"if my grandma did films they would probably do much better figure than this one... incredible bad... the main characters (the mom, the dad and son) are OK. Specially the mother she's a nice actress an",negative,Script,Plot/Story,ASPECT,negative,0.7134,"But does the the director know the meaning of the words Plot Point, Triller and Good Script.",absa_pipeline
imdb_train_15,"if my grandma did films they would probably do much better figure than this one... incredible bad... the main characters (the mom, the dad and son) are OK. Specially the mother she's a nice actress an",negative,script,Plot/Story,ASPECT,negative,0.6239,the script hasn't any evolving atmosphere to become a suspense thing.,absa_pipeline
imdb_train_15,"if my grandma did films they would probably do much better figure than this one... incredible bad... the main characters (the mom, the dad and son) are OK. Specially the mother she's a nice actress an",negative,any evolving atmosphere,Atmosphere/Tone,ASPECT,negative,0.6239,the script hasn't any evolving atmosphere to become a suspense thing.,absa_pipeline
imdb_train_15,"if my grandma did films they would probably do much better figure than this one... incredible bad... the main characters (the mom, the dad and son) are OK. Specially the mother she's a nice actress an",negative,suspense thing,Plot/Story,ASPECT,negative,0.6239,the script hasn't any evolving atmosphere to become a suspense thing.,absa_pipeline
imdb_train_16,I know I know it was a good ending but sincerely it was awesome. I love when a movie ends on a terrific dark nature but this time I was impressed with Darth Vader turning against the Emperor I really ,positive,good ending,Ending,ASPECT,positive,0.7439,I know I know it was a good ending,absa_pipeline
imdb_train_16,I know I know it was a good ending but sincerely it was awesome. I love when a movie ends on a terrific dark nature but this time I was impressed with Darth Vader turning against the Emperor I really ,positive,Dar,Actor/Performance,PERSON,positive,0.5909,but this time I was impressed with Darth Vader turning against the Emperor I really stayed astonished.,absa_pipeline
imdb_train_16,I know I know it was a good ending but sincerely it was awesome. I love when a movie ends on a terrific dark nature but this time I was impressed with Darth Vader turning against the Emperor I really ,positive,Luke,Actor/Performance,PERSON,positive,0.5568,The anguishing sequence in that film was when Luke is tortured and defeated by the Emperor/Darth Sidious.,absa_pipeline
imdb_train_16,I know I know it was a good ending but sincerely it was awesome. I love when a movie ends on a terrific dark nature but this time I was impressed with Darth Vader turning against the Emperor I really ,positive,Darth Vader,Actor/Performance,PERSON,positive,0.678,"He is about to be destroyed when Darth Vader, Dark Lord of the Sith, eliminates his dark master.",absa_pipeline
imdb_train_16,I know I know it was a good ending but sincerely it was awesome. I love when a movie ends on a terrific dark nature but this time I was impressed with Darth Vader turning against the Emperor I really ,positive,cinematography,Cinematography/Visuals,ASPECT,positive,0.5968,The cinematography of this film is impressive.,absa_pipeline
imdb_train_16,I know I know it was a good ending but sincerely it was awesome. I love when a movie ends on a terrific dark nature but this time I was impressed with Darth Vader turning against the Emperor I really ,positive,Land,Actor/Performance,PERSON,positive,0.8115,"I loved the new race they brought on screen the Mon Calomari, the ewoks, the sullesteian (Lando's co pilot) and many more...",absa_pipeline
imdb_train_16,I know I know it was a good ending but sincerely it was awesome. I love when a movie ends on a terrific dark nature but this time I was impressed with Darth Vader turning against the Emperor I really ,positive,Wan,Actor/Performance,PERSON,positive,0.7421,2- When Luke sees the spirits of Obi-Wan and Yoda and then it shows up Anakin Skywalker (Sebastian Shaw)(the greatest scene in Star Wars),absa_pipeline
imdb_train_16,I know I know it was a good ending but sincerely it was awesome. I love when a movie ends on a terrific dark nature but this time I was impressed with Darth Vader turning against the Emperor I really ,positive,Ana,Actor/Performance,PERSON,positive,0.7421,2- When Luke sees the spirits of Obi-Wan and Yoda and then it shows up Anakin Skywalker (Sebastian Shaw)(the greatest scene in Star Wars),absa_pipeline
imdb_train_16,I know I know it was a good ending but sincerely it was awesome. I love when a movie ends on a terrific dark nature but this time I was impressed with Darth Vader turning against the Emperor I really ,positive,Sebastian Shaw,Actor/Performance,PERSON,positive,0.7421,2- When Luke sees the spirits of Obi-Wan and Yoda and then it shows up Anakin Skywalker (Sebastian Shaw)(the greatest scene in Star Wars),absa_pipeline
imdb_train_16,I know I know it was a good ending but sincerely it was awesome. I love when a movie ends on a terrific dark nature but this time I was impressed with Darth Vader turning against the Emperor I really ,positive,script,Plot/Story,ASPECT,positive,0.8273,I personally like the script and the battle of Endor presenting a ground and space combat as well the best duel of Star Wars between Darth Vader V.s Luke Skywalker on the Death Star.,absa_pipeline
imdb_train_16,I know I know it was a good ending but sincerely it was awesome. I love when a movie ends on a terrific dark nature but this time I was impressed with Darth Vader turning against the Emperor I really ,positive,Luke Skywalk,Actor/Performance,PERSON,positive,0.8273,I personally like the script and the battle of Endor presenting a ground and space combat as well the best duel of Star Wars between Darth Vader V.s Luke Skywalker on the Death Star.,absa_pipeline
imdb_train_16,I know I know it was a good ending but sincerely it was awesome. I love when a movie ends on a terrific dark nature but this time I was impressed with Darth Vader turning against the Emperor I really ,positive,Post-script,Plot/Story,ASPECT,negative,0.6351,Post-script: The scenes with Leia in the slave bikini are memorable.,absa_pipeline
imdb_train_17,"**** = A masterpiece to be recorded in the books and never forgotten ***1/2 = A classic in time; simply a must see *** = A solid, worth-while, very entertaining piece **1/2 = A good movie, but there a",positive,Brad Pitt,Actor/Performance,PERSON,positive,0.5597,"I rented this film expecting an in-your-face summer-Blockbuster-quality celebration of Brad Pitt's face, but was happily surprised and disappointed.",absa_pipeline
imdb_train_17,"**** = A masterpiece to be recorded in the books and never forgotten ***1/2 = A classic in time; simply a must see *** = A solid, worth-while, very entertaining piece **1/2 = A good movie, but there a",positive,drama,Plot/Story,ASPECT,positive,0.7867,"This really is more of a drama, and very grim at that...",absa_pipeline
imdb_train_17,"**** = A masterpiece to be recorded in the books and never forgotten ***1/2 = A classic in time; simply a must see *** = A solid, worth-while, very entertaining piece **1/2 = A good movie, but there a",positive,Pitt,Actor/Performance,PERSON,positive,0.6314,Pitt plays out his possibly un-sexiest film ever with startling talent.,absa_pipeline
imdb_train_17,"**** = A masterpiece to be recorded in the books and never forgotten ***1/2 = A classic in time; simply a must see *** = A solid, worth-while, very entertaining piece **1/2 = A good movie, but there a",positive,very good writing,Plot/Story,ASPECT,positive,0.6476,This proves very good writing and acting.,absa_pipeline
imdb_train_17,"**** = A masterpiece to be recorded in the books and never forgotten ***1/2 = A classic in time; simply a must see *** = A solid, worth-while, very entertaining piece **1/2 = A good movie, but there a",positive,acting,Actor/Performance,ASPECT,positive,0.6476,This proves very good writing and acting.,absa_pipeline
imdb_train_17,"**** = A masterpiece to be recorded in the books and never forgotten ***1/2 = A classic in time; simply a must see *** = A solid, worth-while, very entertaining piece **1/2 = A good movie, but there a",positive,action scenes,Special Effects/CGI,ASPECT,negative,0.6494,"The whole movie is filled with bizarre, sensational scenes that made me hold my breath not fewer than once, and I don't mean action scenes.",absa_pipeline
imdb_train_17,"**** = A masterpiece to be recorded in the books and never forgotten ***1/2 = A classic in time; simply a must see *** = A solid, worth-while, very entertaining piece **1/2 = A good movie, but there a",positive,dialogue scenes,Dialogues/Screenplay,ASPECT,negative,0.6153,I mean dialogue scenes so brilliantly crafted I actually winced and gasped at what I was seeing.,absa_pipeline
imdb_train_17,"**** = A masterpiece to be recorded in the books and never forgotten ***1/2 = A classic in time; simply a must see *** = A solid, worth-while, very entertaining piece **1/2 = A good movie, but there a",positive,Juliette,Actor/Performance,PERSON,positive,0.9166,I also very much enjoyed Juliette Lewis's performance.,absa_pipeline
imdb_train_17,"**** = A masterpiece to be recorded in the books and never forgotten ***1/2 = A classic in time; simply a must see *** = A solid, worth-while, very entertaining piece **1/2 = A good movie, but there a",positive,Lewis,Actor/Performance,PERSON,positive,0.9166,I also very much enjoyed Juliette Lewis's performance.,absa_pipeline
imdb_train_17,"**** = A masterpiece to be recorded in the books and never forgotten ***1/2 = A classic in time; simply a must see *** = A solid, worth-while, very entertaining piece **1/2 = A good movie, but there a",positive,talented young actress,Actor/Performance,ASPECT,positive,0.6688,It is so rare for this talented young actress to make an appearance these days that when she does it is such a joy.,absa_pipeline
imdb_train_17,"**** = A masterpiece to be recorded in the books and never forgotten ***1/2 = A classic in time; simply a must see *** = A solid, worth-while, very entertaining piece **1/2 = A good movie, but there a",positive,feel,Atmosphere/Tone,ASPECT,negative,0.6338,"I almost feel like I'm cheating the quality craftsmanship the film makers have displayed by only giving ""KALIFORNIA"" a *** rating.",absa_pipeline
imdb_train_18,"This movie is outrageous, funny, ribald, sophisticated & hits the bullseye where 99 % of Hollywood movies don't even make the target. Paul Bartel should be recognized as one of the great directors of ",positive,Paul Bartel,Actor/Performance,PERSON,positive,0.7298,Paul Bartel should be recognized as one of the great directors of this or any era.,absa_pipeline
imdb_train_18,"This movie is outrageous, funny, ribald, sophisticated & hits the bullseye where 99 % of Hollywood movies don't even make the target. Paul Bartel should be recognized as one of the great directors of ",positive,great directors,Direction,ASPECT,positive,0.7298,Paul Bartel should be recognized as one of the great directors of this or any era.,absa_pipeline
imdb_train_19,"I find it hard to believe that anyone would put this movie in the same context as the Exorcist. Where the Exorcist was subtle and creepy, Stigmata was blunt, clumsy, and way too formulaic. This is one",negative,our would-be heroine,Characters,ASPECT,negative,0.5556,"I began getting suspicious when the priest charged with investigating potential miracles walks into the beauty parlor where our would-be heroine cuts hair and, evidently, flirts with priests.",absa_pipeline
imdb_train_19,"I find it hard to believe that anyone would put this movie in the same context as the Exorcist. Where the Exorcist was subtle and creepy, Stigmata was blunt, clumsy, and way too formulaic. This is one",negative,cuts,Pacing/Editing,ASPECT,negative,0.5556,"I began getting suspicious when the priest charged with investigating potential miracles walks into the beauty parlor where our would-be heroine cuts hair and, evidently, flirts with priests.",absa_pipeline
imdb_train_19,"I find it hard to believe that anyone would put this movie in the same context as the Exorcist. Where the Exorcist was subtle and creepy, Stigmata was blunt, clumsy, and way too formulaic. This is one",negative,plot,Plot/Story,ASPECT,negative,0.6322,The plot: A woman without faith in God begins receiving the wounds of Christ (the Stigmata) and is baffled and upset about the ordeal.,absa_pipeline
imdb_train_19,"I find it hard to believe that anyone would put this movie in the same context as the Exorcist. Where the Exorcist was subtle and creepy, Stigmata was blunt, clumsy, and way too formulaic. This is one",negative,Christ,Actor/Performance,PERSON,negative,0.6322,The plot: A woman without faith in God begins receiving the wounds of Christ (the Stigmata) and is baffled and upset about the ordeal.,absa_pipeline
imdb_train_19,"I find it hard to believe that anyone would put this movie in the same context as the Exorcist. Where the Exorcist was subtle and creepy, Stigmata was blunt, clumsy, and way too formulaic. This is one",negative,Frankie,Actor/Performance,PERSON,negative,0.6498,"Is Frankie possessed by Satan, or a vessel for Jesus Christ?",absa_pipeline
imdb_train_19,"I find it hard to believe that anyone would put this movie in the same context as the Exorcist. Where the Exorcist was subtle and creepy, Stigmata was blunt, clumsy, and way too formulaic. This is one",negative,Jesus Christ,Actor/Performance,PERSON,negative,0.6498,"Is Frankie possessed by Satan, or a vessel for Jesus Christ?",absa_pipeline
imdb_train_20,This has to be one of the 5 worst movies ever made. The plot looked intriguing like that of Passenger 57. But with the latter movie it somehow worked a lot better. The plot has been worked out in the ,negative,plot,Plot/Story,ASPECT,negative,0.676,The plot looked intriguing like that of Passenger 57.,absa_pipeline
imdb_train_20,This has to be one of the 5 worst movies ever made. The plot looked intriguing like that of Passenger 57. But with the latter movie it somehow worked a lot better. The plot has been worked out in the ,negative,plot,Plot/Story,ASPECT,negative,0.9573,The plot has been worked out in the worst possible way.,absa_pipeline
imdb_train_21,"The funny sound that you may hear when you eyeball this execrable version of Jules Verne's classic ""Journey to the Center of the Earth"" is Verne spinning in his grave. The only thing about this 80 min",negative,funny sound,Music/Soundtrack,ASPECT,positive,0.6922,"The funny sound that you may hear when you eyeball this execrable version of Jules Verne's classic ""Journey to the Center of the Earth"" is Verne spinning in his grave.",absa_pipeline
imdb_train_21,"The funny sound that you may hear when you eyeball this execrable version of Jules Verne's classic ""Journey to the Center of the Earth"" is Verne spinning in his grave. The only thing about this 80 min",negative,Jules Verne,Actor/Performance,PERSON,positive,0.6922,"The funny sound that you may hear when you eyeball this execrable version of Jules Verne's classic ""Journey to the Center of the Earth"" is Verne spinning in his grave.",absa_pipeline
imdb_train_21,"The funny sound that you may hear when you eyeball this execrable version of Jules Verne's classic ""Journey to the Center of the Earth"" is Verne spinning in his grave. The only thing about this 80 min",negative,director,Direction,ASPECT,negative,0.6307,"In fact, the director has written here at IMDb.",absa_pipeline
imdb_train_21,"The funny sound that you may hear when you eyeball this execrable version of Jules Verne's classic ""Journey to the Center of the Earth"" is Verne spinning in his grave. The only thing about this 80 min",negative,directed,Direction,ASPECT,negative,0.5237,"COM that he directed only eight minutes of ""Journey to the Center of the Earth"" and the studio tacked on part of ""Dollman"" helmer Albert Pyun's sequel to his own ""Alien from L.A."" with Kathy Ireland.",absa_pipeline
imdb_train_21,"The funny sound that you may hear when you eyeball this execrable version of Jules Verne's classic ""Journey to the Center of the Earth"" is Verne spinning in his grave. The only thing about this 80 min",negative,Albert Pyun,Actor/Performance,PERSON,negative,0.5237,"COM that he directed only eight minutes of ""Journey to the Center of the Earth"" and the studio tacked on part of ""Dollman"" helmer Albert Pyun's sequel to his own ""Alien from L.A."" with Kathy Ireland.",absa_pipeline
imdb_train_21,"The funny sound that you may hear when you eyeball this execrable version of Jules Verne's classic ""Journey to the Center of the Earth"" is Verne spinning in his grave. The only thing about this 80 min",negative,Kathy Ireland,Actor/Performance,PERSON,negative,0.5237,"COM that he directed only eight minutes of ""Journey to the Center of the Earth"" and the studio tacked on part of ""Dollman"" helmer Albert Pyun's sequel to his own ""Alien from L.A."" with Kathy Ireland.",absa_pipeline
imdb_train_21,"The funny sound that you may hear when you eyeball this execrable version of Jules Verne's classic ""Journey to the Center of the Earth"" is Verne spinning in his grave. The only thing about this 80 min",negative,Pyun,Actor/Performance,PERSON,negative,0.7863,"Evidently, the producers ran out of money and to satisfy overseas contractual obligations, they grafted Pyun's sequel onto director Rusty Lemorande's movie.",absa_pipeline
imdb_train_21,"The funny sound that you may hear when you eyeball this execrable version of Jules Verne's classic ""Journey to the Center of the Earth"" is Verne spinning in his grave. The only thing about this 80 min",negative,Rusty Lemorand,Actor/Performance,PERSON,negative,0.7863,"Evidently, the producers ran out of money and to satisfy overseas contractual obligations, they grafted Pyun's sequel onto director Rusty Lemorande's movie.",absa_pipeline
imdb_train_21,"The funny sound that you may hear when you eyeball this execrable version of Jules Verne's classic ""Journey to the Center of the Earth"" is Verne spinning in his grave. The only thing about this 80 min",negative,director,Direction,ASPECT,positive,0.6831,"Unlike director Henry Levin's period piece ""Journey to the Center of the Earth"" (1959) with James Mason and Pat Boone, Lemorande's ""Journey to the Center of the Earth"" takes place in contemporary time",absa_pipeline
imdb_train_21,"The funny sound that you may hear when you eyeball this execrable version of Jules Verne's classic ""Journey to the Center of the Earth"" is Verne spinning in his grave. The only thing about this 80 min",negative,Henry Levin,Actor/Performance,PERSON,positive,0.6831,"Unlike director Henry Levin's period piece ""Journey to the Center of the Earth"" (1959) with James Mason and Pat Boone, Lemorande's ""Journey to the Center of the Earth"" takes place in contemporary time",absa_pipeline
imdb_train_21,"The funny sound that you may hear when you eyeball this execrable version of Jules Verne's classic ""Journey to the Center of the Earth"" is Verne spinning in his grave. The only thing about this 80 min",negative,James Mason,Actor/Performance,PERSON,positive,0.6831,"Unlike director Henry Levin's period piece ""Journey to the Center of the Earth"" (1959) with James Mason and Pat Boone, Lemorande's ""Journey to the Center of the Earth"" takes place in contemporary time",absa_pipeline
imdb_train_21,"The funny sound that you may hear when you eyeball this execrable version of Jules Verne's classic ""Journey to the Center of the Earth"" is Verne spinning in his grave. The only thing about this 80 min",negative,Pat Boone,Actor/Performance,PERSON,positive,0.6831,"Unlike director Henry Levin's period piece ""Journey to the Center of the Earth"" (1959) with James Mason and Pat Boone, Lemorande's ""Journey to the Center of the Earth"" takes place in contemporary time",absa_pipeline
imdb_train_21,"The funny sound that you may hear when you eyeball this execrable version of Jules Verne's classic ""Journey to the Center of the Earth"" is Verne spinning in his grave. The only thing about this 80 min",negative,Lemor,Actor/Performance,PERSON,positive,0.6831,"Unlike director Henry Levin's period piece ""Journey to the Center of the Earth"" (1959) with James Mason and Pat Boone, Lemorande's ""Journey to the Center of the Earth"" takes place in contemporary time",absa_pipeline
imdb_train_21,"The funny sound that you may hear when you eyeball this execrable version of Jules Verne's classic ""Journey to the Center of the Earth"" is Verne spinning in his grave. The only thing about this 80 min",negative,Richard,Actor/Performance,PERSON,positive,0.6466,"Richard (Paul Carafotes of ""Blind Date"") and his comic book obsessed brother Bryan (Ilan Mitchell-Smith of ""Weird Science"") are going out to explore a cave.",absa_pipeline
imdb_train_21,"The funny sound that you may hear when you eyeball this execrable version of Jules Verne's classic ""Journey to the Center of the Earth"" is Verne spinning in his grave. The only thing about this 80 min",negative,Paul Carafo,Actor/Performance,PERSON,positive,0.6466,"Richard (Paul Carafotes of ""Blind Date"") and his comic book obsessed brother Bryan (Ilan Mitchell-Smith of ""Weird Science"") are going out to explore a cave.",absa_pipeline
imdb_train_21,"The funny sound that you may hear when you eyeball this execrable version of Jules Verne's classic ""Journey to the Center of the Earth"" is Verne spinning in his grave. The only thing about this 80 min",negative,Bryan,Actor/Performance,PERSON,positive,0.6466,"Richard (Paul Carafotes of ""Blind Date"") and his comic book obsessed brother Bryan (Ilan Mitchell-Smith of ""Weird Science"") are going out to explore a cave.",absa_pipeline
imdb_train_21,"The funny sound that you may hear when you eyeball this execrable version of Jules Verne's classic ""Journey to the Center of the Earth"" is Verne spinning in his grave. The only thing about this 80 min",negative,Smith,Actor/Performance,PERSON,positive,0.6466,"Richard (Paul Carafotes of ""Blind Date"") and his comic book obsessed brother Bryan (Ilan Mitchell-Smith of ""Weird Science"") are going out to explore a cave.",absa_pipeline
imdb_train_21,"The funny sound that you may hear when you eyeball this execrable version of Jules Verne's classic ""Journey to the Center of the Earth"" is Verne spinning in his grave. The only thing about this 80 min",negative,heroine,Characters,ASPECT,positive,0.7001,"The heroine, Crystina (Nicola Cowper of ""Underworld""), works for a domestic service called 'Nannies R Us.'",absa_pipeline
imdb_train_21,"The funny sound that you may hear when you eyeball this execrable version of Jules Verne's classic ""Journey to the Center of the Earth"" is Verne spinning in his grave. The only thing about this 80 min",negative,Cry,Actor/Performance,PERSON,positive,0.7001,"The heroine, Crystina (Nicola Cowper of ""Underworld""), works for a domestic service called 'Nannies R Us.'",absa_pipeline
imdb_train_21,"The funny sound that you may hear when you eyeball this execrable version of Jules Verne's classic ""Journey to the Center of the Earth"" is Verne spinning in his grave. The only thing about this 80 min",negative,Nicola Cowper,Actor/Performance,PERSON,positive,0.7001,"The heroine, Crystina (Nicola Cowper of ""Underworld""), works for a domestic service called 'Nannies R Us.'",absa_pipeline
imdb_train_21,"The funny sound that you may hear when you eyeball this execrable version of Jules Verne's classic ""Journey to the Center of the Earth"" is Verne spinning in his grave. The only thing about this 80 min",negative,Billy,Actor/Performance,PERSON,positive,0.6746,"Crystina's new client, rock star Billy Foul (Jeremy Crutchley of ""Doomsday"") who is scheduling one last concert to revive his flagging career, has a dog named Bernard.",absa_pipeline
imdb_train_21,"The funny sound that you may hear when you eyeball this execrable version of Jules Verne's classic ""Journey to the Center of the Earth"" is Verne spinning in his grave. The only thing about this 80 min",negative,Jeremy,Actor/Performance,PERSON,positive,0.6746,"Crystina's new client, rock star Billy Foul (Jeremy Crutchley of ""Doomsday"") who is scheduling one last concert to revive his flagging career, has a dog named Bernard.",absa_pipeline
imdb_train_21,"The funny sound that you may hear when you eyeball this execrable version of Jules Verne's classic ""Journey to the Center of the Earth"" is Verne spinning in his grave. The only thing about this 80 min",negative,Bernard,Actor/Performance,PERSON,positive,0.6746,"Crystina's new client, rock star Billy Foul (Jeremy Crutchley of ""Doomsday"") who is scheduling one last concert to revive his flagging career, has a dog named Bernard.",absa_pipeline
imdb_train_21,"The funny sound that you may hear when you eyeball this execrable version of Jules Verne's classic ""Journey to the Center of the Earth"" is Verne spinning in his grave. The only thing about this 80 min",negative,heroine,Characters,ASPECT,positive,0.7187,Our heroes and heroine stumble onto Atlantis quite by accident.,absa_pipeline
imdb_train_21,"The funny sound that you may hear when you eyeball this execrable version of Jules Verne's classic ""Journey to the Center of the Earth"" is Verne spinning in his grave. The only thing about this 80 min",negative,heroine,Characters,ASPECT,negative,0.6267,"Predictably, General Rykov machinations to rule Atlantis and overthrow the Earth fails, and our heroes and heroine save the day.",absa_pipeline
imdb_train_21,"The funny sound that you may hear when you eyeball this execrable version of Jules Verne's classic ""Journey to the Center of the Earth"" is Verne spinning in his grave. The only thing about this 80 min",negative,comedy,Atmosphere/Tone,ASPECT,negative,0.7523,The movie seems to be a comedy despite its superficial satire about dictatorships.,absa_pipeline
imdb_train_21,"The funny sound that you may hear when you eyeball this execrable version of Jules Verne's classic ""Journey to the Center of the Earth"" is Verne spinning in his grave. The only thing about this 80 min",negative,my favorite low budget action directors,Direction,ASPECT,positive,0.7214,"Albert Pyun is one of my favorite low budget action directors, but he blew it on this lightweight shambles of a science fiction saga.",absa_pipeline
imdb_train_22,This is a low budget Roger Corman horror/creature flick. A DinoCroc is created when manipulation of prehistoric genes runs amok. An engineered croc first kills one of its own then gets the taste of hu,negative,Roger Corman,Actor/Performance,PERSON,negative,0.6308,This is a low budget Roger Corman horror/creature flick.,absa_pipeline
imdb_train_22,This is a low budget Roger Corman horror/creature flick. A DinoCroc is created when manipulation of prehistoric genes runs amok. An engineered croc first kills one of its own then gets the taste of hu,negative,characters,Characters,ASPECT,negative,0.9023,"None of the characters have any depth, but then they are not the focal point.",absa_pipeline
imdb_train_22,This is a low budget Roger Corman horror/creature flick. A DinoCroc is created when manipulation of prehistoric genes runs amok. An engineered croc first kills one of its own then gets the taste of hu,negative,any depth,Characters,ASPECT,negative,0.9023,"None of the characters have any depth, but then they are not the focal point.",absa_pipeline
imdb_train_22,This is a low budget Roger Corman horror/creature flick. A DinoCroc is created when manipulation of prehistoric genes runs amok. An engineered croc first kills one of its own then gets the taste of hu,negative,moronic character,Characters,ASPECT,positive,0.6188,My favorite scene is of a moronic character trying to use a three legged dog for bait and becomes croc food himself.,absa_pipeline
imdb_train_22,This is a low budget Roger Corman horror/creature flick. A DinoCroc is created when manipulation of prehistoric genes runs amok. An engineered croc first kills one of its own then gets the taste of hu,negative,roles,Actor/Performance,ASPECT,negative,0.6093,"With no real stand out roles: Jane Longendecker, Bruce Weitz and Charles Napier.",absa_pipeline
imdb_train_22,This is a low budget Roger Corman horror/creature flick. A DinoCroc is created when manipulation of prehistoric genes runs amok. An engineered croc first kills one of its own then gets the taste of hu,negative,Jane Longendecker,Actor/Performance,PERSON,negative,0.6093,"With no real stand out roles: Jane Longendecker, Bruce Weitz and Charles Napier.",absa_pipeline
imdb_train_22,This is a low budget Roger Corman horror/creature flick. A DinoCroc is created when manipulation of prehistoric genes runs amok. An engineered croc first kills one of its own then gets the taste of hu,negative,Bruce Weitz,Actor/Performance,PERSON,negative,0.6093,"With no real stand out roles: Jane Longendecker, Bruce Weitz and Charles Napier.",absa_pipeline
imdb_train_22,This is a low budget Roger Corman horror/creature flick. A DinoCroc is created when manipulation of prehistoric genes runs amok. An engineered croc first kills one of its own then gets the taste of hu,negative,Charles Napier,Actor/Performance,PERSON,negative,0.6093,"With no real stand out roles: Jane Longendecker, Bruce Weitz and Charles Napier.",absa_pipeline
imdb_train_22,This is a low budget Roger Corman horror/creature flick. A DinoCroc is created when manipulation of prehistoric genes runs amok. An engineered croc first kills one of its own then gets the taste of hu,negative,Matt Borleng,Actor/Performance,PERSON,negative,0.6929,Most pathetic is Matt Borlenghi and an obnoxious professional croc hunter Costas Mandylor.,absa_pipeline
imdb_train_22,This is a low budget Roger Corman horror/creature flick. A DinoCroc is created when manipulation of prehistoric genes runs amok. An engineered croc first kills one of its own then gets the taste of hu,negative,Costas Mandylor,Actor/Performance,PERSON,negative,0.6929,Most pathetic is Matt Borlenghi and an obnoxious professional croc hunter Costas Mandylor.,absa_pipeline
imdb_train_22,This is a low budget Roger Corman horror/creature flick. A DinoCroc is created when manipulation of prehistoric genes runs amok. An engineered croc first kills one of its own then gets the taste of hu,negative,Joanna Pacula,Actor/Performance,PERSON,positive,0.6203,I was most impressed with the alluring Joanna Pacula as the respectfully feared Dr. P. DINOCROC is redeeming as a crock of pickles.,absa_pipeline
imdb_train_23,This sci-fi adventure is not the best and by no means the worst. I agree with the statement that bad sci-fi is comical. Bizarre pink tinting and unusual special effects make this a favorite for the la,negative,unusual special effects,Special Effects/CGI,ASPECT,positive,0.7348,"Bizarre pink tinting and unusual special effects make this a favorite for the late, late, late show viewers.",absa_pipeline
imdb_train_23,This sci-fi adventure is not the best and by no means the worst. I agree with the statement that bad sci-fi is comical. Bizarre pink tinting and unusual special effects make this a favorite for the la,negative,cast,Actor/Performance,ASPECT,positive,0.5849,"The cast includes Les Tremayne, Naura Hayden, Gerald Mohr and Jack Kruschen.",absa_pipeline
imdb_train_23,This sci-fi adventure is not the best and by no means the worst. I agree with the statement that bad sci-fi is comical. Bizarre pink tinting and unusual special effects make this a favorite for the la,negative,Les Tremayne,Actor/Performance,PERSON,positive,0.5849,"The cast includes Les Tremayne, Naura Hayden, Gerald Mohr and Jack Kruschen.",absa_pipeline
imdb_train_23,This sci-fi adventure is not the best and by no means the worst. I agree with the statement that bad sci-fi is comical. Bizarre pink tinting and unusual special effects make this a favorite for the la,negative,Gerald Mohr,Actor/Performance,PERSON,positive,0.5849,"The cast includes Les Tremayne, Naura Hayden, Gerald Mohr and Jack Kruschen.",absa_pipeline
imdb_train_23,This sci-fi adventure is not the best and by no means the worst. I agree with the statement that bad sci-fi is comical. Bizarre pink tinting and unusual special effects make this a favorite for the la,negative,Jack Kruschen,Actor/Performance,PERSON,positive,0.5849,"The cast includes Les Tremayne, Naura Hayden, Gerald Mohr and Jack Kruschen.",absa_pipeline
imdb_train_23,This sci-fi adventure is not the best and by no means the worst. I agree with the statement that bad sci-fi is comical. Bizarre pink tinting and unusual special effects make this a favorite for the la,negative,feel,Atmosphere/Tone,ASPECT,negative,0.7654,Don't feel bad if you nod off for a moment.,absa_pipeline
imdb_train_24,"So I had heard from a few people that this film had brought them to tears in the theater. As I watched it for the first time I was expecting another romantic, tear-jerking Barbra Streisand film; Somet",negative,Bar,Actor/Performance,PERSON,positive,0.7182,"As I watched it for the first time I was expecting another romantic, tear-jerking Barbra Streisand film; Something like The Way We Were.",absa_pipeline
imdb_train_24,"So I had heard from a few people that this film had brought them to tears in the theater. As I watched it for the first time I was expecting another romantic, tear-jerking Barbra Streisand film; Somet",negative,chemistry,Actor/Performance,ASPECT,positive,0.6334,"The chemistry between the two main characters, Esther Hoffman and her John Howard, was nonexistent, making it impossible to get attached to the characters.",absa_pipeline
imdb_train_24,"So I had heard from a few people that this film had brought them to tears in the theater. As I watched it for the first time I was expecting another romantic, tear-jerking Barbra Streisand film; Somet",negative,two main characters,Characters,ASPECT,positive,0.6334,"The chemistry between the two main characters, Esther Hoffman and her John Howard, was nonexistent, making it impossible to get attached to the characters.",absa_pipeline
imdb_train_24,"So I had heard from a few people that this film had brought them to tears in the theater. As I watched it for the first time I was expecting another romantic, tear-jerking Barbra Streisand film; Somet",negative,Esther Hoffman,Actor/Performance,PERSON,positive,0.6334,"The chemistry between the two main characters, Esther Hoffman and her John Howard, was nonexistent, making it impossible to get attached to the characters.",absa_pipeline
imdb_train_24,"So I had heard from a few people that this film had brought them to tears in the theater. As I watched it for the first time I was expecting another romantic, tear-jerking Barbra Streisand film; Somet",negative,John Howard,Actor/Performance,PERSON,positive,0.6334,"The chemistry between the two main characters, Esther Hoffman and her John Howard, was nonexistent, making it impossible to get attached to the characters.",absa_pipeline
imdb_train_24,"So I had heard from a few people that this film had brought them to tears in the theater. As I watched it for the first time I was expecting another romantic, tear-jerking Barbra Streisand film; Somet",negative,characters,Characters,ASPECT,positive,0.6334,"The chemistry between the two main characters, Esther Hoffman and her John Howard, was nonexistent, making it impossible to get attached to the characters.",absa_pipeline
imdb_train_24,"So I had heard from a few people that this film had brought them to tears in the theater. As I watched it for the first time I was expecting another romantic, tear-jerking Barbra Streisand film; Somet",negative,Streisand's character,Characters,ASPECT,negative,0.7478,Streisand's character fell for an alcoholic drug addict who couldn't sing a single note without making me want to hit the fast-forward button.,absa_pipeline
imdb_train_24,"So I had heard from a few people that this film had brought them to tears in the theater. As I watched it for the first time I was expecting another romantic, tear-jerking Barbra Streisand film; Somet",negative,character,Characters,ASPECT,negative,0.6164,At one point her character finds her husband in bed with another woman and she forgives him about five minutes later.,absa_pipeline
imdb_train_24,"So I had heard from a few people that this film had brought them to tears in the theater. As I watched it for the first time I was expecting another romantic, tear-jerking Barbra Streisand film; Somet",negative,Streisand songs,Music/Soundtrack,ASPECT,negative,0.5495,The only parts of this movie worth seeing are the Streisand songs.,absa_pipeline
imdb_train_24,"So I had heard from a few people that this film had brought them to tears in the theater. As I watched it for the first time I was expecting another romantic, tear-jerking Barbra Streisand film; Somet",negative,ending,Ending,ASPECT,positive,0.5835,"The ending of the movie when she sings ""With One More Look At You/Watch Closely Now"" was my reason for giving this film a whopping 3/10.",absa_pipeline
imdb_train_25,"Kevin Spacey is very talented, but unfortunately directing is not his forte. I had high expectations about the film before I rented it and maybe that is why I disliked it so much. I admire Spacey's at",negative,Kevin Spacey,Actor/Performance,PERSON,negative,0.6905,"Kevin Spacey is very talented, but unfortunately directing is not his forte.",absa_pipeline
imdb_train_25,"Kevin Spacey is very talented, but unfortunately directing is not his forte. I had high expectations about the film before I rented it and maybe that is why I disliked it so much. I admire Spacey's at",negative,directing,Direction,ASPECT,negative,0.6905,"Kevin Spacey is very talented, but unfortunately directing is not his forte.",absa_pipeline
imdb_train_25,"Kevin Spacey is very talented, but unfortunately directing is not his forte. I had high expectations about the film before I rented it and maybe that is why I disliked it so much. I admire Spacey's at",negative,Space,Actor/Performance,PERSON,negative,0.6459,"I admire Spacey's attempt at making a film that takes place mostly in one small setting, but it's not the attempt that counts.",absa_pipeline
imdb_train_25,"Kevin Spacey is very talented, but unfortunately directing is not his forte. I had high expectations about the film before I rented it and maybe that is why I disliked it so much. I admire Spacey's at",negative,acting,Actor/Performance,ASPECT,negative,0.871,The acting was nothing spectacular.,absa_pipeline
imdb_train_25,"Kevin Spacey is very talented, but unfortunately directing is not his forte. I had high expectations about the film before I rented it and maybe that is why I disliked it so much. I admire Spacey's at",negative,Gary Sinise,Actor/Performance,PERSON,positive,0.6301,"Gary Sinise has done much better, especially since he is conscious in most of his other films.",absa_pipeline
imdb_train_25,"Kevin Spacey is very talented, but unfortunately directing is not his forte. I had high expectations about the film before I rented it and maybe that is why I disliked it so much. I admire Spacey's at",negative,Hitchcock,Actor/Performance,PERSON,positive,0.7162,"If you want to see a fabulous film that takes place in one small setting, watch Hitchcock's Lifeboat.",absa_pipeline
imdb_train_26,"Honestly, this is the best reality show anyone has ever come up with. In order to win the money you have to actually be INTELLIGENT. Not only that you've got to be brave, athletic, cunning, etc. It ac",positive,Anderson Cooper,Actor/Performance,PERSON,positive,0.5195,"Although, they'll have a hard time pulling Anderson Cooper away from CNN.",absa_pipeline
imdb_train_27,"I saw the movie as a child when it was released in the theater and it was so bad that it became the makings of a family joke. If the ranking had a zero, this movie would get it. The dinosaurs were awf",negative,storyline,Plot/Story,ASPECT,negative,0.8654,The storyline was ridiculous.,absa_pipeline
imdb_train_27,"I saw the movie as a child when it was released in the theater and it was so bad that it became the makings of a family joke. If the ranking had a zero, this movie would get it. The dinosaurs were awf",negative,acting,Actor/Performance,ASPECT,negative,0.8373,The acting really doesn't qualify to be called acting.,absa_pipeline
imdb_train_27,"I saw the movie as a child when it was released in the theater and it was so bad that it became the makings of a family joke. If the ranking had a zero, this movie would get it. The dinosaurs were awf",negative,acting,Actor/Performance,ASPECT,negative,0.8373,The acting really doesn't qualify to be called acting.,absa_pipeline
imdb_train_28,This movie was bad from the start. The only purpose of the movie was that Angela wanted to get a high body count. The acting was horrible. The killings were acted out very badly. Like when Ally got st,negative,Angela,Actor/Performance,PERSON,negative,0.8529,The only purpose of the movie was that Angela wanted to get a high body count.,absa_pipeline
imdb_train_28,This movie was bad from the start. The only purpose of the movie was that Angela wanted to get a high body count. The acting was horrible. The killings were acted out very badly. Like when Ally got st,negative,acting,Actor/Performance,ASPECT,negative,0.9564,The acting was horrible.,absa_pipeline
imdb_train_28,This movie was bad from the start. The only purpose of the movie was that Angela wanted to get a high body count. The acting was horrible. The killings were acted out very badly. Like when Ally got st,negative,Ally,Actor/Performance,PERSON,negative,0.6723,Like when Ally got stuffed down that toilet I guess it was in the abandoned cabin.,absa_pipeline
imdb_train_28,This movie was bad from the start. The only purpose of the movie was that Angela wanted to get a high body count. The acting was horrible. The killings were acted out very badly. Like when Ally got st,negative,Molly,Actor/Performance,PERSON,positive,0.5012,But when the end of the movie comes and Molly and the other guy are in the cabin you see Ally so Angela must have gone in to get her.,absa_pipeline
imdb_train_28,This movie was bad from the start. The only purpose of the movie was that Angela wanted to get a high body count. The acting was horrible. The killings were acted out very badly. Like when Ally got st,negative,horrible acting,Actor/Performance,ASPECT,negative,0.8427,One it was horrible acting and two why wouldn't you just turn around and punch the bitch?!?!?,absa_pipeline
imdb_train_29,In Holland a gay writer Gerard (Jeroen Krabbe) gives a lecture. He stays overnight with a beautiful woman Christine (Renee Soutendijk) and has sex with her (by imagining she's a boy). He plans to leav,positive,Gerard,Actor/Performance,PERSON,positive,0.611,In Holland a gay writer Gerard (Jeroen Krabbe) gives a lecture.,absa_pipeline
imdb_train_29,In Holland a gay writer Gerard (Jeroen Krabbe) gives a lecture. He stays overnight with a beautiful woman Christine (Renee Soutendijk) and has sex with her (by imagining she's a boy). He plans to leav,positive,Christine,Actor/Performance,PERSON,positive,0.6437,He stays overnight with a beautiful woman Christine (Renee Soutendijk) and has sex with her (by imagining she's a boy).,absa_pipeline
imdb_train_29,In Holland a gay writer Gerard (Jeroen Krabbe) gives a lecture. He stays overnight with a beautiful woman Christine (Renee Soutendijk) and has sex with her (by imagining she's a boy). He plans to leav,positive,Renee Soutendi,Actor/Performance,PERSON,positive,0.6437,He stays overnight with a beautiful woman Christine (Renee Soutendijk) and has sex with her (by imagining she's a boy).,absa_pipeline
imdb_train_29,In Holland a gay writer Gerard (Jeroen Krabbe) gives a lecture. He stays overnight with a beautiful woman Christine (Renee Soutendijk) and has sex with her (by imagining she's a boy). He plans to leav,positive,Herman,Actor/Performance,PERSON,negative,0.5577,"He plans to leave the next day, but gets a look at a picture of Christine's hunky boyfriend Herman (Thom Hoffman) and decides to stay to have a try at him.",absa_pipeline
imdb_train_29,In Holland a gay writer Gerard (Jeroen Krabbe) gives a lecture. He stays overnight with a beautiful woman Christine (Renee Soutendijk) and has sex with her (by imagining she's a boy). He plans to leav,positive,Thom Hoffman,Actor/Performance,PERSON,negative,0.5577,"He plans to leave the next day, but gets a look at a picture of Christine's hunky boyfriend Herman (Thom Hoffman) and decides to stay to have a try at him.",absa_pipeline
imdb_train_29,In Holland a gay writer Gerard (Jeroen Krabbe) gives a lecture. He stays overnight with a beautiful woman Christine (Renee Soutendijk) and has sex with her (by imagining she's a boy). He plans to leav,positive,all a comedy,Atmosphere/Tone,ASPECT,positive,0.519,"Let's see...there's strangulation, full frontal male and female nudity, castration, mutilation, simulated sex, a scene in a church with a cross that will shock most people, a gay sex scene in a crypt.",absa_pipeline
imdb_train_29,In Holland a gay writer Gerard (Jeroen Krabbe) gives a lecture. He stays overnight with a beautiful woman Christine (Renee Soutendijk) and has sex with her (by imagining she's a boy). He plans to leav,positive,Paul Verhoe,Actor/Performance,PERSON,positive,0.5919,"Paul Verhoeven made this after ""Spetters"".",absa_pipeline
imdb_train_29,In Holland a gay writer Gerard (Jeroen Krabbe) gives a lecture. He stays overnight with a beautiful woman Christine (Renee Soutendijk) and has sex with her (by imagining she's a boy). He plans to leav,positive,Verhoe,Actor/Performance,PERSON,positive,0.6916,"So, Verhoeven filled this film with very obvious symbolism thinking the critics would think it was art and praise it.",absa_pipeline
imdb_train_29,In Holland a gay writer Gerard (Jeroen Krabbe) gives a lecture. He stays overnight with a beautiful woman Christine (Renee Soutendijk) and has sex with her (by imagining she's a boy). He plans to leav,positive,Jan de Bon,Actor/Performance,PERSON,positive,0.5116,"It's beautifully shot by Jan de Bont (now a director himself) and there's so much symbolism and obvious ""hidden"" layers in the dialogue that you're never bored.",absa_pipeline
imdb_train_29,In Holland a gay writer Gerard (Jeroen Krabbe) gives a lecture. He stays overnight with a beautiful woman Christine (Renee Soutendijk) and has sex with her (by imagining she's a boy). He plans to leav,positive,(now a director,Direction,ASPECT,positive,0.5116,"It's beautifully shot by Jan de Bont (now a director himself) and there's so much symbolism and obvious ""hidden"" layers in the dialogue that you're never bored.",absa_pipeline
imdb_train_29,In Holland a gay writer Gerard (Jeroen Krabbe) gives a lecture. He stays overnight with a beautiful woman Christine (Renee Soutendijk) and has sex with her (by imagining she's a boy). He plans to leav,positive,dialogue,Dialogues/Screenplay,ASPECT,positive,0.5116,"It's beautifully shot by Jan de Bont (now a director himself) and there's so much symbolism and obvious ""hidden"" layers in the dialogue that you're never bored.",absa_pipeline
imdb_train_29,In Holland a gay writer Gerard (Jeroen Krabbe) gives a lecture. He stays overnight with a beautiful woman Christine (Renee Soutendijk) and has sex with her (by imagining she's a boy). He plans to leav,positive,All the acting,Actor/Performance,ASPECT,positive,0.8151,All the acting is great--Krabbe plays a thoroughly despicable character but (somehow) has you rooting for him; Soutendijk is just stunning to look at and plays her part to perfection--the little smile,absa_pipeline
imdb_train_29,In Holland a gay writer Gerard (Jeroen Krabbe) gives a lecture. He stays overnight with a beautiful woman Christine (Renee Soutendijk) and has sex with her (by imagining she's a boy). He plans to leav,positive,Krab,Actor/Performance,PERSON,positive,0.8151,All the acting is great--Krabbe plays a thoroughly despicable character but (somehow) has you rooting for him; Soutendijk is just stunning to look at and plays her part to perfection--the little smile,absa_pipeline
imdb_train_29,In Holland a gay writer Gerard (Jeroen Krabbe) gives a lecture. He stays overnight with a beautiful woman Christine (Renee Soutendijk) and has sex with her (by imagining she's a boy). He plans to leav,positive,thoroughly despicable character,Characters,ASPECT,positive,0.8151,All the acting is great--Krabbe plays a thoroughly despicable character but (somehow) has you rooting for him; Soutendijk is just stunning to look at and plays her part to perfection--the little smile,absa_pipeline
imdb_train_29,In Holland a gay writer Gerard (Jeroen Krabbe) gives a lecture. He stays overnight with a beautiful woman Christine (Renee Soutendijk) and has sex with her (by imagining she's a boy). He plans to leav,positive,Soute,Actor/Performance,PERSON,positive,0.8151,All the acting is great--Krabbe plays a thoroughly despicable character but (somehow) has you rooting for him; Soutendijk is just stunning to look at and plays her part to perfection--the little smile,absa_pipeline
imdb_train_29,In Holland a gay writer Gerard (Jeroen Krabbe) gives a lecture. He stays overnight with a beautiful woman Christine (Renee Soutendijk) and has sex with her (by imagining she's a boy). He plans to leav,positive,Hoffman,Actor/Performance,PERSON,positive,0.8151,All the acting is great--Krabbe plays a thoroughly despicable character but (somehow) has you rooting for him; Soutendijk is just stunning to look at and plays her part to perfection--the little smile,absa_pipeline
imdb_train_30,"The only thing I remember about this movie are two things: first, as a twelve year old, even I thought it stunk. Second, it was so bad that when Mad magazine did a parody of it, they quit after the fi",negative,Rodney Dangerfield,Actor/Performance,PERSON,positive,0.6646,"Another good selection would be Caddyshack, the classic with the late Rodney Dangerfield and Bill Murray before he became annoyingly charming, with great lines like greens keeper Carl Spackler's ""Corr",absa_pipeline
imdb_train_30,"The only thing I remember about this movie are two things: first, as a twelve year old, even I thought it stunk. Second, it was so bad that when Mad magazine did a parody of it, they quit after the fi",negative,Bill Murray,Actor/Performance,PERSON,positive,0.6646,"Another good selection would be Caddyshack, the classic with the late Rodney Dangerfield and Bill Murray before he became annoyingly charming, with great lines like greens keeper Carl Spackler's ""Corr",absa_pipeline
imdb_train_30,"The only thing I remember about this movie are two things: first, as a twelve year old, even I thought it stunk. Second, it was so bad that when Mad magazine did a parody of it, they quit after the fi",negative,great lines,Dialogues/Screenplay,ASPECT,positive,0.6646,"Another good selection would be Caddyshack, the classic with the late Rodney Dangerfield and Bill Murray before he became annoyingly charming, with great lines like greens keeper Carl Spackler's ""Corr",absa_pipeline
imdb_train_30,"The only thing I remember about this movie are two things: first, as a twelve year old, even I thought it stunk. Second, it was so bad that when Mad magazine did a parody of it, they quit after the fi",negative,Carl Spackler,Actor/Performance,PERSON,positive,0.6646,"Another good selection would be Caddyshack, the classic with the late Rodney Dangerfield and Bill Murray before he became annoyingly charming, with great lines like greens keeper Carl Spackler's ""Corr",absa_pipeline
imdb_train_30,"The only thing I remember about this movie are two things: first, as a twelve year old, even I thought it stunk. Second, it was so bad that when Mad magazine did a parody of it, they quit after the fi",negative,Sandy,Actor/Performance,PERSON,positive,0.6646,"Another good selection would be Caddyshack, the classic with the late Rodney Dangerfield and Bill Murray before he became annoyingly charming, with great lines like greens keeper Carl Spackler's ""Corr",absa_pipeline
imdb_train_31,Every one should see this movie because each one of us is broken in some way and it may help us realize 1) My life isn't as bad as I thought it was and 2) How important it is to adopt a child in need.,positive,Jake,Actor/Performance,PERSON,positive,0.7185,"Definitely recommend this one... and while you're at it, I'd like to throw in ""The Color Purple"" and ""Woman, Thou Art Loosed"" by T.D. Jakes.",absa_pipeline
imdb_train_32,"Bette Midler showcases her talents and beauty in ""Diva Las Vegas"". I am thrilled that I taped it and I am able to view whenever I want to. She possesses what it takes to keep an audience in captivity.",positive,Bet,Actor/Performance,PERSON,positive,0.6812,"Bette Midler showcases her talents and beauty in ""Diva Las Vegas"".",absa_pipeline
imdb_train_32,"Bette Midler showcases her talents and beauty in ""Diva Las Vegas"". I am thrilled that I taped it and I am able to view whenever I want to. She possesses what it takes to keep an audience in captivity.",positive,feel,Atmosphere/Tone,ASPECT,positive,0.7349,You can feel the emotion in the song and will end up having goose bumps.,absa_pipeline
imdb_train_32,"Bette Midler showcases her talents and beauty in ""Diva Las Vegas"". I am thrilled that I taped it and I am able to view whenever I want to. She possesses what it takes to keep an audience in captivity.",positive,nearest music store,Music/Soundtrack,ASPECT,positive,0.6847,The show will leave you with the urge to go out and either rent a Bette Midler movie or go to the nearest music store and purchase one of Bette Midler's albums.,absa_pipeline
imdb_train_33,"The three main characters are very well portrayed, especially Anisio by rock musician turned into first time actor Paulo Miklos. He is extremely convincing as the lower class trespasser/invader. The f",positive,three main characters,Characters,ASPECT,positive,0.8547,"The three main characters are very well portrayed, especially Anisio by rock musician turned into first time actor Paulo Miklos.",absa_pipeline
imdb_train_33,"The three main characters are very well portrayed, especially Anisio by rock musician turned into first time actor Paulo Miklos. He is extremely convincing as the lower class trespasser/invader. The f",positive,"very well portrayed, especially Anisio",Actor/Performance,ASPECT,positive,0.8547,"The three main characters are very well portrayed, especially Anisio by rock musician turned into first time actor Paulo Miklos.",absa_pipeline
imdb_train_33,"The three main characters are very well portrayed, especially Anisio by rock musician turned into first time actor Paulo Miklos. He is extremely convincing as the lower class trespasser/invader. The f",positive,Paulo Miklos,Actor/Performance,PERSON,positive,0.8547,"The three main characters are very well portrayed, especially Anisio by rock musician turned into first time actor Paulo Miklos.",absa_pipeline
imdb_train_34,"Considering how much money was budgeted for this film, you would expect more from the story as a whole. This could be quite possibly the most worthless movie I have ever watched. There was no real adv",negative,story,Plot/Story,ASPECT,negative,0.5673,"Considering how much money was budgeted for this film, you would expect more from the story as a whole.",absa_pipeline
imdb_train_34,"Considering how much money was budgeted for this film, you would expect more from the story as a whole. This could be quite possibly the most worthless movie I have ever watched. There was no real adv",negative,Character development,Characters,ASPECT,negative,0.6812,"Character development, minimal.",absa_pipeline
imdb_train_34,"Considering how much money was budgeted for this film, you would expect more from the story as a whole. This could be quite possibly the most worthless movie I have ever watched. There was no real adv",negative,Plot advancement,Plot/Story,ASPECT,negative,0.7301,"Plot advancement, maybe.",absa_pipeline
imdb_train_34,"Considering how much money was budgeted for this film, you would expect more from the story as a whole. This could be quite possibly the most worthless movie I have ever watched. There was no real adv",negative,the-plot,Plot/Story,ASPECT,negative,0.8922,"In summary, this was a horrible attempt at an 'Ocean's 11' style hide-the-plot-so-person-has-to- think movie because not only do you not know what's going on, nobody who made the movie did either.",absa_pipeline
imdb_train_35,"Wow, here it finally is; the action ""movie"" without action. In a real low-budget setting (don't miss the hilarious flying saucers flying by a few times) of a future Seattle we find a no-brain hardbody",negative,plot,Plot/Story,ASPECT,negative,0.9314,"There is nothing even remotely original or interesting about the plot and the actors' performance is only rivalled in stupidity by the attempts to steal from other movies, mainly ""Matrix"" without havi",absa_pipeline
imdb_train_35,"Wow, here it finally is; the action ""movie"" without action. In a real low-budget setting (don't miss the hilarious flying saucers flying by a few times) of a future Seattle we find a no-brain hardbody",negative,actors' performance,Actor/Performance,ASPECT,negative,0.9314,"There is nothing even remotely original or interesting about the plot and the actors' performance is only rivalled in stupidity by the attempts to steal from other movies, mainly ""Matrix"" without havi",absa_pipeline
imdb_train_35,"Wow, here it finally is; the action ""movie"" without action. In a real low-budget setting (don't miss the hilarious flying saucers flying by a few times) of a future Seattle we find a no-brain hardbody",negative,lead,Actor/Performance,ASPECT,negative,0.6519,"And, yes, we are also served a number of leads that lead absolutely nowhere, as if the script was thought-out by the previously unseen cast while shooting the scenes.",absa_pipeline
imdb_train_35,"Wow, here it finally is; the action ""movie"" without action. In a real low-budget setting (don't miss the hilarious flying saucers flying by a few times) of a future Seattle we find a no-brain hardbody",negative,script,Plot/Story,ASPECT,negative,0.6519,"And, yes, we are also served a number of leads that lead absolutely nowhere, as if the script was thought-out by the previously unseen cast while shooting the scenes.",absa_pipeline
imdb_train_35,"Wow, here it finally is; the action ""movie"" without action. In a real low-budget setting (don't miss the hilarious flying saucers flying by a few times) of a future Seattle we find a no-brain hardbody",negative,previously unseen cast,Actor/Performance,ASPECT,negative,0.6519,"And, yes, we are also served a number of leads that lead absolutely nowhere, as if the script was thought-out by the previously unseen cast while shooting the scenes.",absa_pipeline
imdb_train_36,"Whether it's a good movie or not, films of this kind has to be made, i think. It remembers me of ""I love Huckabees"", a overwhelmingly puzzling movie with Isabelle Huppert being sodomized by a young Am",positive,Isabelle Hupper,Actor/Performance,PERSON,positive,0.6914,"It remembers me of ""I love Huckabees"", a overwhelmingly puzzling movie with Isabelle Huppert being sodomized by a young American in a mud pond, in a merry sadistic-masochist way (??!!!!).",absa_pipeline
imdb_train_36,"Whether it's a good movie or not, films of this kind has to be made, i think. It remembers me of ""I love Huckabees"", a overwhelmingly puzzling movie with Isabelle Huppert being sodomized by a young Am",positive,director,Direction,ASPECT,positive,0.584,"I hope the director will go on stepping across the border, as though i felt the choices Vincenzo Natali made, were not always subtle (some of the scenes were unhappily kind of ""tarte-à-la-crème"", like",absa_pipeline
imdb_train_36,"Whether it's a good movie or not, films of this kind has to be made, i think. It remembers me of ""I love Huckabees"", a overwhelmingly puzzling movie with Isabelle Huppert being sodomized by a young Am",positive,Vincenzo Natal,Actor/Performance,PERSON,positive,0.584,"I hope the director will go on stepping across the border, as though i felt the choices Vincenzo Natali made, were not always subtle (some of the scenes were unhappily kind of ""tarte-à-la-crème"", like",absa_pipeline
imdb_train_36,"Whether it's a good movie or not, films of this kind has to be made, i think. It remembers me of ""I love Huckabees"", a overwhelmingly puzzling movie with Isabelle Huppert being sodomized by a young Am",positive,script,Plot/Story,ASPECT,positive,0.584,"I hope the director will go on stepping across the border, as though i felt the choices Vincenzo Natali made, were not always subtle (some of the scenes were unhappily kind of ""tarte-à-la-crème"", like",absa_pipeline
imdb_train_36,"Whether it's a good movie or not, films of this kind has to be made, i think. It remembers me of ""I love Huckabees"", a overwhelmingly puzzling movie with Isabelle Huppert being sodomized by a young Am",positive,cinematography,Cinematography/Visuals,ASPECT,positive,0.584,"I hope the director will go on stepping across the border, as though i felt the choices Vincenzo Natali made, were not always subtle (some of the scenes were unhappily kind of ""tarte-à-la-crème"", like",absa_pipeline
imdb_train_36,"Whether it's a good movie or not, films of this kind has to be made, i think. It remembers me of ""I love Huckabees"", a overwhelmingly puzzling movie with Isabelle Huppert being sodomized by a young Am",positive,Natal,Actor/Performance,PERSON,positive,0.584,"I hope the director will go on stepping across the border, as though i felt the choices Vincenzo Natali made, were not always subtle (some of the scenes were unhappily kind of ""tarte-à-la-crème"", like",absa_pipeline
imdb_train_37,"They played this on the July 4th Twilight Zone marathon and this is, hands down, the worst Twilight Zone episode I've ever seen. It's completely out of sync with the rest of the series in its tone. Ev",negative,tone,Atmosphere/Tone,ASPECT,positive,0.5377,It's completely out of sync with the rest of the series in its tone.,absa_pipeline
imdb_train_37,"They played this on the July 4th Twilight Zone marathon and this is, hands down, the worst Twilight Zone episode I've ever seen. It's completely out of sync with the rest of the series in its tone. Ev",negative,Buster Keaton,Actor/Performance,PERSON,negative,0.6968,"Buster Keaton did what he could with such terrible material, and frankly it surprises me that someone of his historic comedy stature would stoop to the level of this episode.",absa_pipeline
imdb_train_37,"They played this on the July 4th Twilight Zone marathon and this is, hands down, the worst Twilight Zone episode I've ever seen. It's completely out of sync with the rest of the series in its tone. Ev",negative,historic comedy stature,Atmosphere/Tone,ASPECT,negative,0.6968,"Buster Keaton did what he could with such terrible material, and frankly it surprises me that someone of his historic comedy stature would stoop to the level of this episode.",absa_pipeline
imdb_train_38,I like a lot of the actors/actresses involved in this project so being insulted by the movie felt even worse than if they used a unknowns .The main problem was this movie was clearly just a concept cr,negative,actors,Actor/Performance,ASPECT,negative,0.9349,I like a lot of the actors/actresses involved in this project so being insulted by the movie felt even worse than if they used a unknowns .The main problem was this movie was clearly just a concept cr,absa_pipeline
imdb_train_38,I like a lot of the actors/actresses involved in this project so being insulted by the movie felt even worse than if they used a unknowns .The main problem was this movie was clearly just a concept cr,negative,actresses,Actor/Performance,ASPECT,negative,0.9349,I like a lot of the actors/actresses involved in this project so being insulted by the movie felt even worse than if they used a unknowns .The main problem was this movie was clearly just a concept cr,absa_pipeline
imdb_train_38,I like a lot of the actors/actresses involved in this project so being insulted by the movie felt even worse than if they used a unknowns .The main problem was this movie was clearly just a concept cr,negative,just a concept,Plot/Story,ASPECT,negative,0.9349,I like a lot of the actors/actresses involved in this project so being insulted by the movie felt even worse than if they used a unknowns .The main problem was this movie was clearly just a concept cr,absa_pipeline
imdb_train_38,I like a lot of the actors/actresses involved in this project so being insulted by the movie felt even worse than if they used a unknowns .The main problem was this movie was clearly just a concept cr,negative,rock music,Music/Soundtrack,ASPECT,positive,0.7724,I can see it now a black family where the kids are involved with the la riot's and the white family has the kids rebel and listen to grunge rock music .The,absa_pipeline
imdb_train_38,I like a lot of the actors/actresses involved in this project so being insulted by the movie felt even worse than if they used a unknowns .The main problem was this movie was clearly just a concept cr,negative,soundtrack,Music/Soundtrack,ASPECT,positive,0.6368,"soundtrack will feature bands like Nirvana , N.W.A , Public Enemy , Soundgarden etc .The",absa_pipeline
imdb_train_38,I like a lot of the actors/actresses involved in this project so being insulted by the movie felt even worse than if they used a unknowns .The main problem was this movie was clearly just a concept cr,negative,Soundgarden,Actor/Performance,PERSON,positive,0.6368,"soundtrack will feature bands like Nirvana , N.W.A , Public Enemy , Soundgarden etc .The",absa_pipeline
imdb_train_39,"This movie makes a statement about Joseph Smith, what he stood for, and what the LDS church believes. With all the current media coverage of a certain fugitive people have confused the LDS church with",positive,Joseph Smith,Actor/Performance,PERSON,positive,0.653,"This movie makes a statement about Joseph Smith, what he stood for, and what the LDS church believes.",absa_pipeline
imdb_train_39,"This movie makes a statement about Joseph Smith, what he stood for, and what the LDS church believes. With all the current media coverage of a certain fugitive people have confused the LDS church with",positive,Warren Jeff,Actor/Performance,PERSON,positive,0.63,With all the current media coverage of a certain fugitive people have confused the LDS church with the FLDS church and criminal fugitive Warren Jeffs.,absa_pipeline
imdb_train_39,"This movie makes a statement about Joseph Smith, what he stood for, and what the LDS church believes. With all the current media coverage of a certain fugitive people have confused the LDS church with",positive,Jeff,Actor/Performance,PERSON,positive,0.5576,Jeffs is Not associated with the LDS church yet media groups internationally have asked for comments about Jeffs from The LDS church.,absa_pipeline
imdb_train_39,"This movie makes a statement about Joseph Smith, what he stood for, and what the LDS church believes. With all the current media coverage of a certain fugitive people have confused the LDS church with",positive,Joseph,Actor/Performance,PERSON,positive,0.7599,but I think that it is ironic that this movie with all it's points about Joseph also point away from the fews of the FLDS church and their leader at this time in the media world.,absa_pipeline
imdb_train_39,"This movie makes a statement about Joseph Smith, what he stood for, and what the LDS church believes. With all the current media coverage of a certain fugitive people have confused the LDS church with",positive,portrayed,Actor/Performance,ASPECT,positive,0.7571,"Some of the most obvious differences between Jeffs and Joseph is portrayed in Joseph's humanity, acceptance and love.",absa_pipeline
imdb_train_39,"This movie makes a statement about Joseph Smith, what he stood for, and what the LDS church believes. With all the current media coverage of a certain fugitive people have confused the LDS church with",positive,Emma,Actor/Performance,PERSON,positive,0.6998,Joseph is shown doing housework for his wife Emma and is criticized by a member until Joseph tells him that a man may lose his wife in the next life if she chooses not to stay with her husband and tha,absa_pipeline
imdb_train_40,"There is no greater disservice to do to history than to misrepresent it. This takes the easiest and most shallow route, simply portraying him as a monster. Only showing his negative sides, and exagger",positive,well-told plot,Plot/Story,ASPECT,positive,0.9457,"It's well-done, through and through, excellent production values, a solid arc to the well-told plot, what characterization does occur is strong and credible, dialog and script are great, all acting pe",absa_pipeline
imdb_train_40,"There is no greater disservice to do to history than to misrepresent it. This takes the easiest and most shallow route, simply portraying him as a monster. Only showing his negative sides, and exagger",positive,what characterization,Actor/Performance,ASPECT,positive,0.9457,"It's well-done, through and through, excellent production values, a solid arc to the well-told plot, what characterization does occur is strong and credible, dialog and script are great, all acting pe",absa_pipeline
imdb_train_40,"There is no greater disservice to do to history than to misrepresent it. This takes the easiest and most shallow route, simply portraying him as a monster. Only showing his negative sides, and exagger",positive,script,Plot/Story,ASPECT,positive,0.9457,"It's well-done, through and through, excellent production values, a solid arc to the well-told plot, what characterization does occur is strong and credible, dialog and script are great, all acting pe",absa_pipeline
imdb_train_40,"There is no greater disservice to do to history than to misrepresent it. This takes the easiest and most shallow route, simply portraying him as a monster. Only showing his negative sides, and exagger",positive,all acting performances,Actor/Performance,ASPECT,positive,0.9457,"It's well-done, through and through, excellent production values, a solid arc to the well-told plot, what characterization does occur is strong and credible, dialog and script are great, all acting pe",absa_pipeline
imdb_train_40,"There is no greater disservice to do to history than to misrepresent it. This takes the easiest and most shallow route, simply portraying him as a monster. Only showing his negative sides, and exagger",positive,role,Actor/Performance,ASPECT,positive,0.9457,"It's well-done, through and through, excellent production values, a solid arc to the well-told plot, what characterization does occur is strong and credible, dialog and script are great, all acting pe",absa_pipeline
imdb_train_40,"There is no greater disservice to do to history than to misrepresent it. This takes the easiest and most shallow route, simply portraying him as a monster. Only showing his negative sides, and exagger",positive,music,Music/Soundtrack,ASPECT,positive,0.9457,"It's well-done, through and through, excellent production values, a solid arc to the well-told plot, what characterization does occur is strong and credible, dialog and script are great, all acting pe",absa_pipeline
imdb_train_40,"There is no greater disservice to do to history than to misrepresent it. This takes the easiest and most shallow route, simply portraying him as a monster. Only showing his negative sides, and exagger",positive,cinematography,Cinematography/Visuals,ASPECT,positive,0.9457,"It's well-done, through and through, excellent production values, a solid arc to the well-told plot, what characterization does occur is strong and credible, dialog and script are great, all acting pe",absa_pipeline
imdb_train_40,"There is no greater disservice to do to history than to misrepresent it. This takes the easiest and most shallow route, simply portraying him as a monster. Only showing his negative sides, and exagger",positive,editing,Pacing/Editing,ASPECT,positive,0.9457,"It's well-done, through and through, excellent production values, a solid arc to the well-told plot, what characterization does occur is strong and credible, dialog and script are great, all acting pe",absa_pipeline
imdb_train_40,"There is no greater disservice to do to history than to misrepresent it. This takes the easiest and most shallow route, simply portraying him as a monster. Only showing his negative sides, and exagger",positive,feel,Atmosphere/Tone,ASPECT,negative,0.8375,"If I had been offered to work on this, and did not feel I could be objective enough to have Hitler appear as a fully fleshed-out person, I would have declined, citing that as the reason.",absa_pipeline
imdb_train_40,"There is no greater disservice to do to history than to misrepresent it. This takes the easiest and most shallow route, simply portraying him as a monster. Only showing his negative sides, and exagger",positive,Hitler,Actor/Performance,PERSON,negative,0.8375,"If I had been offered to work on this, and did not feel I could be objective enough to have Hitler appear as a fully fleshed-out person, I would have declined, citing that as the reason.",absa_pipeline
imdb_train_41,"During the cheap filmed in video beginning of Crazy Fat Ethel II, I wondered if it was the same film that was on the cover. Unfortunately, it was. The story itself is mindlessly simple. Ethel, a homic",negative,story,Plot/Story,ASPECT,positive,0.7653,The story itself is mindlessly simple.,absa_pipeline
imdb_train_41,"During the cheap filmed in video beginning of Crazy Fat Ethel II, I wondered if it was the same film that was on the cover. Unfortunately, it was. The story itself is mindlessly simple. Ethel, a homic",negative,Ethel,Actor/Performance,PERSON,negative,0.5336,"Ethel, a homicidal maniac with an eating disorder, is released into a halfway house because of hospital overcrowding.",absa_pipeline
imdb_train_41,"During the cheap filmed in video beginning of Crazy Fat Ethel II, I wondered if it was the same film that was on the cover. Unfortunately, it was. The story itself is mindlessly simple. Ethel, a homic",negative,cheap effects,Special Effects/CGI,ASPECT,negative,0.969,This film was poorly made with cheap effects and even worse acting.,absa_pipeline
imdb_train_41,"During the cheap filmed in video beginning of Crazy Fat Ethel II, I wondered if it was the same film that was on the cover. Unfortunately, it was. The story itself is mindlessly simple. Ethel, a homic",negative,even worse acting,Actor/Performance,ASPECT,negative,0.969,This film was poorly made with cheap effects and even worse acting.,absa_pipeline
imdb_train_41,"During the cheap filmed in video beginning of Crazy Fat Ethel II, I wondered if it was the same film that was on the cover. Unfortunately, it was. The story itself is mindlessly simple. Ethel, a homic",negative,characters,Characters,ASPECT,negative,0.8133,The characters are so wooden when delivering their lines that they should be standing out in front of a cigar store.,absa_pipeline
imdb_train_41,"During the cheap filmed in video beginning of Crazy Fat Ethel II, I wondered if it was the same film that was on the cover. Unfortunately, it was. The story itself is mindlessly simple. Ethel, a homic",negative,lines,Dialogues/Screenplay,ASPECT,negative,0.8133,The characters are so wooden when delivering their lines that they should be standing out in front of a cigar store.,absa_pipeline
imdb_train_42,"This isn't cinema. It isn't talent. It isn't informative. It isn't scary. It isn't entertaining. It isn't anything at all. I got this because my cousin says, ""Diablo! COOL!"" Yeah, right. The only thin",negative,sorta,Actor/Performance,PERSON,negative,0.7018,Soap operas at least LOOK professional...sorta.,absa_pipeline
imdb_train_42,"This isn't cinema. It isn't talent. It isn't informative. It isn't scary. It isn't entertaining. It isn't anything at all. I got this because my cousin says, ""Diablo! COOL!"" Yeah, right. The only thin",negative,cinematography,Cinematography/Visuals,ASPECT,positive,0.5467,The cinematography is detestable!,absa_pipeline
imdb_train_42,"This isn't cinema. It isn't talent. It isn't informative. It isn't scary. It isn't entertaining. It isn't anything at all. I got this because my cousin says, ""Diablo! COOL!"" Yeah, right. The only thin",negative,director,Direction,ASPECT,negative,0.5981,WHO IS this director anyway?,absa_pipeline
imdb_train_42,"This isn't cinema. It isn't talent. It isn't informative. It isn't scary. It isn't entertaining. It isn't anything at all. I got this because my cousin says, ""Diablo! COOL!"" Yeah, right. The only thin",negative,performances,Actor/Performance,ASPECT,negative,0.903,The performances by these poor unsuspecting actors were far better than this crap-fest deserved.,absa_pipeline
imdb_train_42,"This isn't cinema. It isn't talent. It isn't informative. It isn't scary. It isn't entertaining. It isn't anything at all. I got this because my cousin says, ""Diablo! COOL!"" Yeah, right. The only thin",negative,poor unsuspecting actors,Actor/Performance,ASPECT,negative,0.903,The performances by these poor unsuspecting actors were far better than this crap-fest deserved.,absa_pipeline
imdb_train_43,"Joan Fontaine is ""A Damsel in Distress"" in this 1937 musical starring Fred Astaire, George Burns, and Gracie Allen. The plot, what there is of it, is about a British woman (Fontaine) in love with an A",positive,Joan Fontaine,Actor/Performance,PERSON,positive,0.7297,"Joan Fontaine is ""A Damsel in Distress"" in this 1937 musical starring Fred Astaire, George Burns, and Gracie Allen.",absa_pipeline
imdb_train_43,"Joan Fontaine is ""A Damsel in Distress"" in this 1937 musical starring Fred Astaire, George Burns, and Gracie Allen. The plot, what there is of it, is about a British woman (Fontaine) in love with an A",positive,starring,Actor/Performance,ASPECT,positive,0.7297,"Joan Fontaine is ""A Damsel in Distress"" in this 1937 musical starring Fred Astaire, George Burns, and Gracie Allen.",absa_pipeline
imdb_train_43,"Joan Fontaine is ""A Damsel in Distress"" in this 1937 musical starring Fred Astaire, George Burns, and Gracie Allen. The plot, what there is of it, is about a British woman (Fontaine) in love with an A",positive,Fred Astaire,Actor/Performance,PERSON,positive,0.7297,"Joan Fontaine is ""A Damsel in Distress"" in this 1937 musical starring Fred Astaire, George Burns, and Gracie Allen.",absa_pipeline
imdb_train_43,"Joan Fontaine is ""A Damsel in Distress"" in this 1937 musical starring Fred Astaire, George Burns, and Gracie Allen. The plot, what there is of it, is about a British woman (Fontaine) in love with an A",positive,George Burns,Actor/Performance,PERSON,positive,0.7297,"Joan Fontaine is ""A Damsel in Distress"" in this 1937 musical starring Fred Astaire, George Burns, and Gracie Allen.",absa_pipeline
imdb_train_43,"Joan Fontaine is ""A Damsel in Distress"" in this 1937 musical starring Fred Astaire, George Burns, and Gracie Allen. The plot, what there is of it, is about a British woman (Fontaine) in love with an A",positive,Gracie Allen,Actor/Performance,PERSON,positive,0.7297,"Joan Fontaine is ""A Damsel in Distress"" in this 1937 musical starring Fred Astaire, George Burns, and Gracie Allen.",absa_pipeline
imdb_train_43,"Joan Fontaine is ""A Damsel in Distress"" in this 1937 musical starring Fred Astaire, George Burns, and Gracie Allen. The plot, what there is of it, is about a British woman (Fontaine) in love with an A",positive,plot,Plot/Story,ASPECT,positive,0.7574,"The plot, what there is of it, is about a British woman (Fontaine) in love with an American, who is mistaken for Astaire, a musical comedy star.",absa_pipeline
imdb_train_43,"Joan Fontaine is ""A Damsel in Distress"" in this 1937 musical starring Fred Astaire, George Burns, and Gracie Allen. The plot, what there is of it, is about a British woman (Fontaine) in love with an A",positive,Fontaine,Actor/Performance,PERSON,positive,0.7574,"The plot, what there is of it, is about a British woman (Fontaine) in love with an American, who is mistaken for Astaire, a musical comedy star.",absa_pipeline
imdb_train_43,"Joan Fontaine is ""A Damsel in Distress"" in this 1937 musical starring Fred Astaire, George Burns, and Gracie Allen. The plot, what there is of it, is about a British woman (Fontaine) in love with an A",positive,musical comedy star,Atmosphere/Tone,ASPECT,positive,0.7574,"The plot, what there is of it, is about a British woman (Fontaine) in love with an American, who is mistaken for Astaire, a musical comedy star.",absa_pipeline
imdb_train_43,"Joan Fontaine is ""A Damsel in Distress"" in this 1937 musical starring Fred Astaire, George Burns, and Gracie Allen. The plot, what there is of it, is about a British woman (Fontaine) in love with an A",positive,directed,Direction,ASPECT,positive,0.8684,"The film, directed by George Stevens, contains some wonderful Gershwin music, including ""Nice Work if You Can Get It"" and ""A Foggy Day.""",absa_pipeline
imdb_train_43,"Joan Fontaine is ""A Damsel in Distress"" in this 1937 musical starring Fred Astaire, George Burns, and Gracie Allen. The plot, what there is of it, is about a British woman (Fontaine) in love with an A",positive,George Stevens,Actor/Performance,PERSON,positive,0.8684,"The film, directed by George Stevens, contains some wonderful Gershwin music, including ""Nice Work if You Can Get It"" and ""A Foggy Day.""",absa_pipeline
imdb_train_43,"Joan Fontaine is ""A Damsel in Distress"" in this 1937 musical starring Fred Astaire, George Burns, and Gracie Allen. The plot, what there is of it, is about a British woman (Fontaine) in love with an A",positive,some wonderful Gershwin music,Music/Soundtrack,ASPECT,positive,0.8684,"The film, directed by George Stevens, contains some wonderful Gershwin music, including ""Nice Work if You Can Get It"" and ""A Foggy Day.""",absa_pipeline
imdb_train_43,"Joan Fontaine is ""A Damsel in Distress"" in this 1937 musical starring Fred Astaire, George Burns, and Gracie Allen. The plot, what there is of it, is about a British woman (Fontaine) in love with an A",positive,Burns,Actor/Performance,PERSON,positive,0.769,Burns plays his over the top publicist and Allen is Burns' secretary.,absa_pipeline
imdb_train_43,"Joan Fontaine is ""A Damsel in Distress"" in this 1937 musical starring Fred Astaire, George Burns, and Gracie Allen. The plot, what there is of it, is about a British woman (Fontaine) in love with an A",positive,Allen,Actor/Performance,PERSON,positive,0.769,Burns plays his over the top publicist and Allen is Burns' secretary.,absa_pipeline
imdb_train_43,"Joan Fontaine is ""A Damsel in Distress"" in this 1937 musical starring Fred Astaire, George Burns, and Gracie Allen. The plot, what there is of it, is about a British woman (Fontaine) in love with an A",positive,Stevens,Actor/Performance,PERSON,positive,0.7007,"Stevens could easily have used a double because he shows the dance in a long shot, and it takes place among the trees.",absa_pipeline
imdb_train_44,Manhattan apartment dwellers have to put up with all kinds of inconveniences. The worst one is the lack of closet space! Some people who eat out all the time use their ranges and dishwashers as storag,positive,Melvin Frank,Actor/Performance,PERSON,positive,0.8196,"Melvin Frank and Norman Panama, a great comedy writing team from that era, saw the potential in Eric Hodgins novel, whose hero, Jim Blandings, can't stand the cramped apartment where he and his wife M",absa_pipeline
imdb_train_44,Manhattan apartment dwellers have to put up with all kinds of inconveniences. The worst one is the lack of closet space! Some people who eat out all the time use their ranges and dishwashers as storag,positive,Norman Panama,Actor/Performance,PERSON,positive,0.8196,"Melvin Frank and Norman Panama, a great comedy writing team from that era, saw the potential in Eric Hodgins novel, whose hero, Jim Blandings, can't stand the cramped apartment where he and his wife M",absa_pipeline
imdb_train_44,Manhattan apartment dwellers have to put up with all kinds of inconveniences. The worst one is the lack of closet space! Some people who eat out all the time use their ranges and dishwashers as storag,positive,great comedy writing team,Plot/Story,ASPECT,positive,0.8196,"Melvin Frank and Norman Panama, a great comedy writing team from that era, saw the potential in Eric Hodgins novel, whose hero, Jim Blandings, can't stand the cramped apartment where he and his wife M",absa_pipeline
imdb_train_44,Manhattan apartment dwellers have to put up with all kinds of inconveniences. The worst one is the lack of closet space! Some people who eat out all the time use their ranges and dishwashers as storag,positive,Eric Hodgins,Actor/Performance,PERSON,positive,0.8196,"Melvin Frank and Norman Panama, a great comedy writing team from that era, saw the potential in Eric Hodgins novel, whose hero, Jim Blandings, can't stand the cramped apartment where he and his wife M",absa_pipeline
imdb_train_44,Manhattan apartment dwellers have to put up with all kinds of inconveniences. The worst one is the lack of closet space! Some people who eat out all the time use their ranges and dishwashers as storag,positive,whose hero,Characters,ASPECT,positive,0.8196,"Melvin Frank and Norman Panama, a great comedy writing team from that era, saw the potential in Eric Hodgins novel, whose hero, Jim Blandings, can't stand the cramped apartment where he and his wife M",absa_pipeline
imdb_train_44,Manhattan apartment dwellers have to put up with all kinds of inconveniences. The worst one is the lack of closet space! Some people who eat out all the time use their ranges and dishwashers as storag,positive,Jim Blandings,Actor/Performance,PERSON,positive,0.8196,"Melvin Frank and Norman Panama, a great comedy writing team from that era, saw the potential in Eric Hodgins novel, whose hero, Jim Blandings, can't stand the cramped apartment where he and his wife M",absa_pipeline
imdb_train_44,Manhattan apartment dwellers have to put up with all kinds of inconveniences. The worst one is the lack of closet space! Some people who eat out all the time use their ranges and dishwashers as storag,positive,Jim,Actor/Performance,PERSON,positive,0.7118,"Obviously, a first time owner, Jim is duped by the real estate man into buying the dilapidated house he is taken to inspect by an unscrupulous agent.",absa_pipeline
imdb_train_44,Manhattan apartment dwellers have to put up with all kinds of inconveniences. The worst one is the lack of closet space! Some people who eat out all the time use their ranges and dishwashers as storag,positive,Cary Grant,Actor/Performance,PERSON,positive,0.6762,Cary Grant was an actor who clearly understood the character he was playing and makes the most out of Jim Blandings.,absa_pipeline
imdb_train_44,Manhattan apartment dwellers have to put up with all kinds of inconveniences. The worst one is the lack of closet space! Some people who eat out all the time use their ranges and dishwashers as storag,positive,actor,Actor/Performance,ASPECT,positive,0.6762,Cary Grant was an actor who clearly understood the character he was playing and makes the most out of Jim Blandings.,absa_pipeline
imdb_train_44,Manhattan apartment dwellers have to put up with all kinds of inconveniences. The worst one is the lack of closet space! Some people who eat out all the time use their ranges and dishwashers as storag,positive,character,Characters,ASPECT,positive,0.6762,Cary Grant was an actor who clearly understood the character he was playing and makes the most out of Jim Blandings.,absa_pipeline
imdb_train_44,Manhattan apartment dwellers have to put up with all kinds of inconveniences. The worst one is the lack of closet space! Some people who eat out all the time use their ranges and dishwashers as storag,positive,delightful actress,Actor/Performance,ASPECT,positive,0.8438,"Myrna Loy, was a delightful actress who was always effective playing opposite Mr. Grant.",absa_pipeline
imdb_train_44,Manhattan apartment dwellers have to put up with all kinds of inconveniences. The worst one is the lack of closet space! Some people who eat out all the time use their ranges and dishwashers as storag,positive,Grant,Actor/Performance,PERSON,positive,0.8438,"Myrna Loy, was a delightful actress who was always effective playing opposite Mr. Grant.",absa_pipeline
imdb_train_44,Manhattan apartment dwellers have to put up with all kinds of inconveniences. The worst one is the lack of closet space! Some people who eat out all the time use their ranges and dishwashers as storag,positive,third character,Characters,ASPECT,positive,0.6733,"The third character, Bill Cole, an old boyfriend of Myrna, turned lawyer for the Blandings, is suave and debonair, the way Melvin Douglas portrayed him.",absa_pipeline
imdb_train_44,Manhattan apartment dwellers have to put up with all kinds of inconveniences. The worst one is the lack of closet space! Some people who eat out all the time use their ranges and dishwashers as storag,positive,Bill Cole,Actor/Performance,PERSON,positive,0.6733,"The third character, Bill Cole, an old boyfriend of Myrna, turned lawyer for the Blandings, is suave and debonair, the way Melvin Douglas portrayed him.",absa_pipeline
imdb_train_44,Manhattan apartment dwellers have to put up with all kinds of inconveniences. The worst one is the lack of closet space! Some people who eat out all the time use their ranges and dishwashers as storag,positive,Melvin Douglas,Actor/Performance,PERSON,positive,0.6733,"The third character, Bill Cole, an old boyfriend of Myrna, turned lawyer for the Blandings, is suave and debonair, the way Melvin Douglas portrayed him.",absa_pipeline
imdb_train_44,Manhattan apartment dwellers have to put up with all kinds of inconveniences. The worst one is the lack of closet space! Some people who eat out all the time use their ranges and dishwashers as storag,positive,portrayed,Actor/Performance,ASPECT,positive,0.6733,"The third character, Bill Cole, an old boyfriend of Myrna, turned lawyer for the Blandings, is suave and debonair, the way Melvin Douglas portrayed him.",absa_pipeline
imdb_train_44,Manhattan apartment dwellers have to put up with all kinds of inconveniences. The worst one is the lack of closet space! Some people who eat out all the time use their ranges and dishwashers as storag,positive,Joan,Actor/Performance,PERSON,positive,0.7355,"One of the Blandings girls, Joan, is played by Sharyn Moffett, who bore an uncanny resemblance to Eva Marie Saint.",absa_pipeline
imdb_train_44,Manhattan apartment dwellers have to put up with all kinds of inconveniences. The worst one is the lack of closet space! Some people who eat out all the time use their ranges and dishwashers as storag,positive,Eva Marie,Actor/Performance,PERSON,positive,0.7355,"One of the Blandings girls, Joan, is played by Sharyn Moffett, who bore an uncanny resemblance to Eva Marie Saint.",absa_pipeline
imdb_train_44,Manhattan apartment dwellers have to put up with all kinds of inconveniences. The worst one is the lack of closet space! Some people who eat out all the time use their ranges and dishwashers as storag,positive,Saint,Actor/Performance,PERSON,positive,0.7355,"One of the Blandings girls, Joan, is played by Sharyn Moffett, who bore an uncanny resemblance to Eva Marie Saint.",absa_pipeline
imdb_train_44,Manhattan apartment dwellers have to put up with all kinds of inconveniences. The worst one is the lack of closet space! Some people who eat out all the time use their ranges and dishwashers as storag,positive,Louise,Actor/Performance,PERSON,positive,0.5005,"The great Louise Beavers plays Gussie, but doesn't have much to do.",absa_pipeline
imdb_train_44,Manhattan apartment dwellers have to put up with all kinds of inconveniences. The worst one is the lack of closet space! Some people who eat out all the time use their ranges and dishwashers as storag,positive,Beaver,Actor/Performance,PERSON,positive,0.5005,"The great Louise Beavers plays Gussie, but doesn't have much to do.",absa_pipeline
imdb_train_44,Manhattan apartment dwellers have to put up with all kinds of inconveniences. The worst one is the lack of closet space! Some people who eat out all the time use their ranges and dishwashers as storag,positive,Gus,Actor/Performance,PERSON,positive,0.5005,"The great Louise Beavers plays Gussie, but doesn't have much to do.",absa_pipeline
imdb_train_44,Manhattan apartment dwellers have to put up with all kinds of inconveniences. The worst one is the lack of closet space! Some people who eat out all the time use their ranges and dishwashers as storag,positive,James,Actor/Performance,PERSON,negative,0.6767,"The film is lovingly photographed by James Wong Howe, who clearly knew what to do to make this film appear much better.",absa_pipeline
imdb_train_44,Manhattan apartment dwellers have to put up with all kinds of inconveniences. The worst one is the lack of closet space! Some people who eat out all the time use their ranges and dishwashers as storag,positive,Wong,Actor/Performance,PERSON,negative,0.6767,"The film is lovingly photographed by James Wong Howe, who clearly knew what to do to make this film appear much better.",absa_pipeline
imdb_train_44,Manhattan apartment dwellers have to put up with all kinds of inconveniences. The worst one is the lack of closet space! Some people who eat out all the time use their ranges and dishwashers as storag,positive,Howe,Actor/Performance,PERSON,negative,0.6767,"The film is lovingly photographed by James Wong Howe, who clearly knew what to do to make this film appear much better.",absa_pipeline
imdb_train_44,Manhattan apartment dwellers have to put up with all kinds of inconveniences. The worst one is the lack of closet space! Some people who eat out all the time use their ranges and dishwashers as storag,positive,direction,Direction,ASPECT,positive,0.794,The direction of H.C. Potter is light and he succeeded in this film that will delight fans of classic comedies.,absa_pipeline
imdb_train_44,Manhattan apartment dwellers have to put up with all kinds of inconveniences. The worst one is the lack of closet space! Some people who eat out all the time use their ranges and dishwashers as storag,positive,Potter,Actor/Performance,PERSON,positive,0.794,The direction of H.C. Potter is light and he succeeded in this film that will delight fans of classic comedies.,absa_pipeline
imdb_train_45,"As a premise, this backwoods version of the Dead Calm storyline had promise. However, director Eric Red's inability to render a convincing hurricane leads to a deluge of continuity and lighting errors",negative,premise,Plot/Story,ASPECT,negative,0.7338,"As a premise, this backwoods version of the Dead Calm storyline had promise.",absa_pipeline
imdb_train_45,"As a premise, this backwoods version of the Dead Calm storyline had promise. However, director Eric Red's inability to render a convincing hurricane leads to a deluge of continuity and lighting errors",negative,Dead Calm storyline,Plot/Story,ASPECT,negative,0.7338,"As a premise, this backwoods version of the Dead Calm storyline had promise.",absa_pipeline
imdb_train_45,"As a premise, this backwoods version of the Dead Calm storyline had promise. However, director Eric Red's inability to render a convincing hurricane leads to a deluge of continuity and lighting errors",negative,Eric Red,Actor/Performance,PERSON,negative,0.6241,"However, director Eric Red's inability to render a convincing hurricane leads to a deluge of continuity and lighting errors.",absa_pipeline
imdb_train_45,"As a premise, this backwoods version of the Dead Calm storyline had promise. However, director Eric Red's inability to render a convincing hurricane leads to a deluge of continuity and lighting errors",negative,continuity and lighting errors,Cinematography/Visuals,ASPECT,negative,0.6241,"However, director Eric Red's inability to render a convincing hurricane leads to a deluge of continuity and lighting errors.",absa_pipeline
imdb_train_45,"As a premise, this backwoods version of the Dead Calm storyline had promise. However, director Eric Red's inability to render a convincing hurricane leads to a deluge of continuity and lighting errors",negative,bizarre weather effects,Special Effects/CGI,ASPECT,negative,0.6324,"Ultimately, the viewer is more spellbound by the bizarre weather effects than the intended storyline.",absa_pipeline
imdb_train_45,"As a premise, this backwoods version of the Dead Calm storyline had promise. However, director Eric Red's inability to render a convincing hurricane leads to a deluge of continuity and lighting errors",negative,intended storyline,Plot/Story,ASPECT,negative,0.6324,"Ultimately, the viewer is more spellbound by the bizarre weather effects than the intended storyline.",absa_pipeline
imdb_train_45,"As a premise, this backwoods version of the Dead Calm storyline had promise. However, director Eric Red's inability to render a convincing hurricane leads to a deluge of continuity and lighting errors",negative,ham-fisted over-direction,Direction,ASPECT,negative,0.6628,Intermittent spates of ham-fisted over-direction are similarly distracting.,absa_pipeline
imdb_train_45,"As a premise, this backwoods version of the Dead Calm storyline had promise. However, director Eric Red's inability to render a convincing hurricane leads to a deluge of continuity and lighting errors",negative,Charles Dance,Actor/Performance,PERSON,negative,0.7022,"Charles Dance, doing an 'inbred backwoods hardass' schtick, does his best to save the movie.",absa_pipeline
imdb_train_45,"As a premise, this backwoods version of the Dead Calm storyline had promise. However, director Eric Red's inability to render a convincing hurricane leads to a deluge of continuity and lighting errors",negative,Underto,Actor/Performance,PERSON,negative,0.5254,"But ultimately, Undertow squeals like a pig ... and has more ham to boot.",absa_pipeline
imdb_train_46,"...And I never thought a movie deserved to be awarded a 1! But this one is honestly the worst movie I've ever watched. My wife picked it up because of the cast, but the storyline right since the DVD b",negative,cast,Actor/Performance,ASPECT,negative,0.6201,"My wife picked it up because of the cast, but the storyline right since the DVD box seemed quite predictable.",absa_pipeline
imdb_train_46,"...And I never thought a movie deserved to be awarded a 1! But this one is honestly the worst movie I've ever watched. My wife picked it up because of the cast, but the storyline right since the DVD b",negative,storyline,Plot/Story,ASPECT,negative,0.6201,"My wife picked it up because of the cast, but the storyline right since the DVD box seemed quite predictable.",absa_pipeline
imdb_train_46,"...And I never thought a movie deserved to be awarded a 1! But this one is honestly the worst movie I've ever watched. My wife picked it up because of the cast, but the storyline right since the DVD b",negative,mystery,Plot/Story,ASPECT,positive,0.5571,"It is not a mystery, nor a juvenile-catching film.",absa_pipeline
imdb_train_46,"...And I never thought a movie deserved to be awarded a 1! But this one is honestly the worst movie I've ever watched. My wife picked it up because of the cast, but the storyline right since the DVD b",negative,feel,Atmosphere/Tone,ASPECT,negative,0.9602,"Don't waste your time or money unless you feel like watching a bunch of youngsters in a as-grown-up kind of Gothic setting, where a killer is going after them.",absa_pipeline
imdb_train_46,"...And I never thought a movie deserved to be awarded a 1! But this one is honestly the worst movie I've ever watched. My wife picked it up because of the cast, but the storyline right since the DVD b",negative,Max Makowski,Actor/Performance,PERSON,negative,0.9208,Max Makowski makes the worst of Nick Stahl.,absa_pipeline
imdb_train_46,"...And I never thought a movie deserved to be awarded a 1! But this one is honestly the worst movie I've ever watched. My wife picked it up because of the cast, but the storyline right since the DVD b",negative,Nick Stahl,Actor/Performance,PERSON,negative,0.9208,Max Makowski makes the worst of Nick Stahl.,absa_pipeline
imdb_train_47,"I saw this film at the Rhode Island International Film Festival and was completely blown away. The structure and execution of the film was fantastic...I know it won't, but it really deserves an Oscar ",positive,structure,Plot/Story,ASPECT,positive,0.6074,The structure and execution of the film was fantastic...,absa_pipeline
imdb_train_47,"I saw this film at the Rhode Island International Film Festival and was completely blown away. The structure and execution of the film was fantastic...I know it won't, but it really deserves an Oscar ",positive,execution,Direction,ASPECT,positive,0.6074,The structure and execution of the film was fantastic...,absa_pipeline
imdb_train_47,"I saw this film at the Rhode Island International Film Festival and was completely blown away. The structure and execution of the film was fantastic...I know it won't, but it really deserves an Oscar ",positive,Cal,Actor/Performance,PERSON,positive,0.7527,Cal and Andre were phenomenal as the two disturbed classmates.,absa_pipeline
imdb_train_47,"I saw this film at the Rhode Island International Film Festival and was completely blown away. The structure and execution of the film was fantastic...I know it won't, but it really deserves an Oscar ",positive,Andre,Actor/Performance,PERSON,positive,0.7527,Cal and Andre were phenomenal as the two disturbed classmates.,absa_pipeline
imdb_train_48,I enjoyed this film. I thought it was an excellent political thriller about something that's never happened before - a Secret Service agent going bad and involved in an assassination plot. Unfortunate,positive,assassination plot,Plot/Story,ASPECT,negative,0.5002,I thought it was an excellent political thriller about something that's never happened before - a Secret Service agent going bad and involved in an assassination plot.,absa_pipeline
imdb_train_48,I enjoyed this film. I thought it was an excellent political thriller about something that's never happened before - a Secret Service agent going bad and involved in an assassination plot. Unfortunate,positive,Michael Douglas,Actor/Performance,PERSON,negative,0.622,"Unfortunately, for Michael Douglas' character, ""Pete Garrison,"" they think HE's the mole but he isn't.",absa_pipeline
imdb_train_48,I enjoyed this film. I thought it was an excellent political thriller about something that's never happened before - a Secret Service agent going bad and involved in an assassination plot. Unfortunate,positive,Pete Garrison,Actor/Performance,PERSON,negative,0.622,"Unfortunately, for Michael Douglas' character, ""Pete Garrison,"" they think HE's the mole but he isn't.",absa_pipeline
imdb_train_48,I enjoyed this film. I thought it was an excellent political thriller about something that's never happened before - a Secret Service agent going bad and involved in an assassination plot. Unfortunate,positive,plot,Plot/Story,ASPECT,positive,0.5361,"Since he's doing that, he's unable to give an acceptable polygraph exam and that makes him suspect number one when it's revealed there is a plot to kill the President.",absa_pipeline
imdb_train_48,I enjoyed this film. I thought it was an excellent political thriller about something that's never happened before - a Secret Service agent going bad and involved in an assassination plot. Unfortunate,positive,Garrison,Actor/Performance,PERSON,positive,0.5208,"""Garrison"" is forced to go on the lam but at the same time he's still trying to do the right thing by protecting the President.",absa_pipeline
imdb_train_48,I enjoyed this film. I thought it was an excellent political thriller about something that's never happened before - a Secret Service agent going bad and involved in an assassination plot. Unfortunate,positive,Douglas,Actor/Performance,PERSON,positive,0.8237,Douglas does a fine job in this role.,absa_pipeline
imdb_train_48,I enjoyed this film. I thought it was an excellent political thriller about something that's never happened before - a Secret Service agent going bad and involved in an assassination plot. Unfortunate,positive,role,Actor/Performance,ASPECT,positive,0.8237,Douglas does a fine job in this role.,absa_pipeline
imdb_train_48,I enjoyed this film. I thought it was an excellent political thriller about something that's never happened before - a Secret Service agent going bad and involved in an assassination plot. Unfortunate,positive,excellent actor,Actor/Performance,ASPECT,positive,0.771,I don't always care the people he plays but he's an excellent actor.,absa_pipeline
imdb_train_48,I enjoyed this film. I thought it was an excellent political thriller about something that's never happened before - a Secret Service agent going bad and involved in an assassination plot. Unfortunate,positive,David B,Actor/Performance,PERSON,positive,0.6604,"Keifer Sutherland (""David Breckinridge"") is equally as good (at least in here) as the fellow SS boss who hunts down Douglas until convinced he has been telling the truth.",absa_pipeline
imdb_train_48,I enjoyed this film. I thought it was an excellent political thriller about something that's never happened before - a Secret Service agent going bad and involved in an assassination plot. Unfortunate,positive,finale,Ending,ASPECT,negative,0.655,"When he does the two of them work together in the finale to discover and then stop, if they can, the plot.",absa_pipeline
imdb_train_48,I enjoyed this film. I thought it was an excellent political thriller about something that's never happened before - a Secret Service agent going bad and involved in an assassination plot. Unfortunate,positive,plot,Plot/Story,ASPECT,negative,0.655,"When he does the two of them work together in the finale to discover and then stop, if they can, the plot.",absa_pipeline
imdb_train_48,I enjoyed this film. I thought it was an excellent political thriller about something that's never happened before - a Secret Service agent going bad and involved in an assassination plot. Unfortunate,positive,Kim Basin,Actor/Performance,PERSON,positive,0.6135,"Also, I have never - and never will, unfortunately - see a First Lady who looks as good as Kim Basinger This is simply a slick action flick that entertains start-to-finish.",absa_pipeline
imdb_train_49,"I have been known to fall asleep during films, but this is usually due to a combination of things including, really tired, being warm and comfortable on the sette and having just eaten a lot. However ",negative,plot development,Plot/Story,ASPECT,negative,0.769,The plot development was constant.,absa_pipeline
imdb_train_50,"This is an odd film for me, as after I reviewed a nice film from a new film maker (FAR OUT by Phil Mucci), another writer/director, Ryan Jafri, contacted me and asked me to watch and review his film, ",positive,Phil Mucci,Actor/Performance,PERSON,positive,0.5034,"This is an odd film for me, as after I reviewed a nice film from a new film maker (FAR OUT by Phil Mucci), another writer/director, Ryan Jafri, contacted me and asked me to watch and review his film, ",absa_pipeline
imdb_train_50,"This is an odd film for me, as after I reviewed a nice film from a new film maker (FAR OUT by Phil Mucci), another writer/director, Ryan Jafri, contacted me and asked me to watch and review his film, ",positive,another writer/director,Direction,ASPECT,positive,0.5034,"This is an odd film for me, as after I reviewed a nice film from a new film maker (FAR OUT by Phil Mucci), another writer/director, Ryan Jafri, contacted me and asked me to watch and review his film, ",absa_pipeline
imdb_train_50,"This is an odd film for me, as after I reviewed a nice film from a new film maker (FAR OUT by Phil Mucci), another writer/director, Ryan Jafri, contacted me and asked me to watch and review his film, ",positive,Ryan Jafri,Actor/Performance,PERSON,positive,0.5034,"This is an odd film for me, as after I reviewed a nice film from a new film maker (FAR OUT by Phil Mucci), another writer/director, Ryan Jafri, contacted me and asked me to watch and review his film, ",absa_pipeline
imdb_train_50,"This is an odd film for me, as after I reviewed a nice film from a new film maker (FAR OUT by Phil Mucci), another writer/director, Ryan Jafri, contacted me and asked me to watch and review his film, ",positive,Jaf,Actor/Performance,PERSON,positive,0.5992,"Interestingly, while it turned out I did like THE CURE, I was not thrilled by it and let Jafri know.",absa_pipeline
imdb_train_50,"This is an odd film for me, as after I reviewed a nice film from a new film maker (FAR OUT by Phil Mucci), another writer/director, Ryan Jafri, contacted me and asked me to watch and review his film, ",positive,Jafri's direction,Direction,ASPECT,positive,0.6697,"The film has tremendous style and as far as Jafri's direction goes, it's exceptional--especially for such an inexperienced film maker (it's his first film).",absa_pipeline
imdb_train_50,"This is an odd film for me, as after I reviewed a nice film from a new film maker (FAR OUT by Phil Mucci), another writer/director, Ryan Jafri, contacted me and asked me to watch and review his film, ",positive,pacing,Pacing/Editing,ASPECT,positive,0.8647,"The combination of exceptional choices of color, pacing and music that well-suited the film created a great sense of atmosphere.",absa_pipeline
imdb_train_50,"This is an odd film for me, as after I reviewed a nice film from a new film maker (FAR OUT by Phil Mucci), another writer/director, Ryan Jafri, contacted me and asked me to watch and review his film, ",positive,music,Music/Soundtrack,ASPECT,positive,0.8647,"The combination of exceptional choices of color, pacing and music that well-suited the film created a great sense of atmosphere.",absa_pipeline
imdb_train_50,"This is an odd film for me, as after I reviewed a nice film from a new film maker (FAR OUT by Phil Mucci), another writer/director, Ryan Jafri, contacted me and asked me to watch and review his film, ",positive,atmosphere,Atmosphere/Tone,ASPECT,positive,0.8647,"The combination of exceptional choices of color, pacing and music that well-suited the film created a great sense of atmosphere.",absa_pipeline
imdb_train_50,"This is an odd film for me, as after I reviewed a nice film from a new film maker (FAR OUT by Phil Mucci), another writer/director, Ryan Jafri, contacted me and asked me to watch and review his film, ",positive,writing,Plot/Story,ASPECT,negative,0.5881,"However, the thing I didn't love was some of the writing.",absa_pipeline
imdb_train_50,"This is an odd film for me, as after I reviewed a nice film from a new film maker (FAR OUT by Phil Mucci), another writer/director, Ryan Jafri, contacted me and asked me to watch and review his film, ",positive,ending,Ending,ASPECT,positive,0.6859,"While the basic idea was great, the ending was just too easy to foresee.",absa_pipeline
imdb_train_50,"This is an odd film for me, as after I reviewed a nice film from a new film maker (FAR OUT by Phil Mucci), another writer/director, Ryan Jafri, contacted me and asked me to watch and review his film, ",positive,ending,Ending,ASPECT,positive,0.6039,I really would have loved the ending had it come as more of a surprise or there to have been an unexpected twist.,absa_pipeline
imdb_train_50,"This is an odd film for me, as after I reviewed a nice film from a new film maker (FAR OUT by Phil Mucci), another writer/director, Ryan Jafri, contacted me and asked me to watch and review his film, ",positive,unexpected twist,Plot/Story,ASPECT,positive,0.6039,I really would have loved the ending had it come as more of a surprise or there to have been an unexpected twist.,absa_pipeline
