review_id,review_snippet,aspect,category,entity_type,confidence,context_sentence,source,overall_sentiment
showcase_1,"The movie started slowly, but Tom Holland gave an amazing performance. The supporting cast was also good, although the ending was disappointing.",Tom Holland,Actor/Performance,PERSON,1.0,"The movie started slowly, but Tom Holland gave an amazing performance.",showcase,
showcase_1,"The movie started slowly, but Tom Holland gave an amazing performance. The supporting cast was also good, although the ending was disappointing.",amazing performance,Actor/Performance,ASPECT,0.9,"The movie started slowly, but Tom Holland gave an amazing performance.",showcase,
showcase_1,"The movie started slowly, but Tom Holland gave an amazing performance. The supporting cast was also good, although the ending was disappointing.",supporting cast,Actor/Performance,ASPECT,0.9,"The supporting cast was also good, although the ending was disappointing.",showcase,
showcase_1,"The movie started slowly, but Tom Holland gave an amazing performance. The supporting cast was also good, although the ending was disappointing.",ending,Ending,ASPECT,0.9,"The supporting cast was also good, although the ending was disappointing.",showcase,
showcase_2,"Christopher Nolan directed an absolute masterpiece. Cillian Murphy and Emily Blunt were both sensational, and the soundtrack by Ludwig Goransson was spine-tingling.",Christopher Nolan,Actor/Performance,PERSON,1.0,Christopher Nolan directed an absolute masterpiece.,showcase,
showcase_2,"Christopher Nolan directed an absolute masterpiece. Cillian Murphy and Emily Blunt were both sensational, and the soundtrack by Ludwig Goransson was spine-tingling.",directed,Direction,ASPECT,0.88,Christopher Nolan directed an absolute masterpiece.,showcase,
showcase_2,"Christopher Nolan directed an absolute masterpiece. Cillian Murphy and Emily Blunt were both sensational, and the soundtrack by Ludwig Goransson was spine-tingling.",##ill,Actor/Performance,PERSON,0.999,"Cillian Murphy and Emily Blunt were both sensational, and the soundtrack by Ludwig Goransson was spine-tingling.",showcase,
showcase_2,"Christopher Nolan directed an absolute masterpiece. Cillian Murphy and Emily Blunt were both sensational, and the soundtrack by Ludwig Goransson was spine-tingling.",##ian Murphy,Actor/Performance,PERSON,0.875,"Cillian Murphy and Emily Blunt were both sensational, and the soundtrack by Ludwig Goransson was spine-tingling.",showcase,
showcase_2,"Christopher Nolan directed an absolute masterpiece. Cillian Murphy and Emily Blunt were both sensational, and the soundtrack by Ludwig Goransson was spine-tingling.",Emily Blunt,Actor/Performance,PERSON,0.995,"Cillian Murphy and Emily Blunt were both sensational, and the soundtrack by Ludwig Goransson was spine-tingling.",showcase,
showcase_2,"Christopher Nolan directed an absolute masterpiece. Cillian Murphy and Emily Blunt were both sensational, and the soundtrack by Ludwig Goransson was spine-tingling.",soundtrack,Music/Soundtrack,ASPECT,0.9,"Cillian Murphy and Emily Blunt were both sensational, and the soundtrack by Ludwig Goransson was spine-tingling.",showcase,
showcase_2,"Christopher Nolan directed an absolute masterpiece. Cillian Murphy and Emily Blunt were both sensational, and the soundtrack by Ludwig Goransson was spine-tingling.",Ludwig Goransson,Actor/Performance,PERSON,0.993,"Cillian Murphy and Emily Blunt were both sensational, and the soundtrack by Ludwig Goransson was spine-tingling.",showcase,
showcase_3,"Tom's performance was brilliant, but the plot became boring toward the end.",Tom,Actor/Performance,PERSON,1.0,"Tom's performance was brilliant, but the plot became boring toward the end.",showcase,
showcase_3,"Tom's performance was brilliant, but the plot became boring toward the end.",plot,Plot/Story,ASPECT,0.9,"Tom's performance was brilliant, but the plot became boring toward the end.",showcase,
showcase_4,Terrible script and predictable plot completely ruined this film. The pacing was sluggish throughout.,Terrible script,Plot/Story,ASPECT,0.9,Terrible script and predictable plot completely ruined this film.,showcase,
showcase_4,Terrible script and predictable plot completely ruined this film. The pacing was sluggish throughout.,predictable plot,Plot/Story,ASPECT,0.9,Terrible script and predictable plot completely ruined this film.,showcase,
showcase_4,Terrible script and predictable plot completely ruined this film. The pacing was sluggish throughout.,pacing,Pacing/Editing,ASPECT,0.9,The pacing was sluggish throughout.,showcase,
showcase_4,Terrible script and predictable plot completely ruined this film. The pacing was sluggish throughout.,sluggish,Pacing/Editing,ASPECT,0.88,The pacing was sluggish throughout.,showcase,
showcase_5,Robert De Niro brings gravitas to every scene. The cinematography is stunning and the screenplay is razor-sharp.,Robert De Niro,Actor/Performance,PERSON,0.994,Robert De Niro brings gravitas to every scene.,showcase,
showcase_5,Robert De Niro brings gravitas to every scene. The cinematography is stunning and the screenplay is razor-sharp.,cinematography,Cinematography/Visuals,ASPECT,0.9,The cinematography is stunning and the screenplay is razor-sharp.,showcase,
showcase_5,Robert De Niro brings gravitas to every scene. The cinematography is stunning and the screenplay is razor-sharp.,screenplay,Plot/Story,ASPECT,0.9,The cinematography is stunning and the screenplay is razor-sharp.,showcase,
showcase_6,"The special effects are breathtaking, but the characters lack depth and the dialogue feels forced.",special effects,Special Effects/CGI,ASPECT,0.9,"The special effects are breathtaking, but the characters lack depth and the dialogue feels forced.",showcase,
showcase_6,"The special effects are breathtaking, but the characters lack depth and the dialogue feels forced.",characters,Characters,ASPECT,0.9,"The special effects are breathtaking, but the characters lack depth and the dialogue feels forced.",showcase,
showcase_6,"The special effects are breathtaking, but the characters lack depth and the dialogue feels forced.",depth,Characters,ASPECT,0.9,"The special effects are breathtaking, but the characters lack depth and the dialogue feels forced.",showcase,
showcase_6,"The special effects are breathtaking, but the characters lack depth and the dialogue feels forced.",dialogue,Dialogues/Screenplay,ASPECT,0.9,"The special effects are breathtaking, but the characters lack depth and the dialogue feels forced.",showcase,
showcase_7,"Meryl Streep is phenomenal as always, delivering another Oscar-worthy performance.",##ryl Streep,Actor/Performance,PERSON,0.992,"Meryl Streep is phenomenal as always, delivering another Oscar-worthy performance.",showcase,
showcase_7,"Meryl Streep is phenomenal as always, delivering another Oscar-worthy performance.",another Oscar-worthy performance,Actor/Performance,ASPECT,0.9,"Meryl Streep is phenomenal as always, delivering another Oscar-worthy performance.",showcase,
showcase_8,The film has great music but a weak storyline and disappointing ending.,great music,Music/Soundtrack,ASPECT,0.9,The film has great music but a weak storyline and disappointing ending.,showcase,
showcase_8,The film has great music but a weak storyline and disappointing ending.,weak storyline,Plot/Story,ASPECT,0.9,The film has great music but a weak storyline and disappointing ending.,showcase,
showcase_8,The film has great music but a weak storyline and disappointing ending.,disappointing ending,Ending,ASPECT,0.9,The film has great music but a weak storyline and disappointing ending.,showcase,
showcase_9,"The direction is masterful, but the acting from some supporting cast members was wooden.",direction,Direction,ASPECT,0.9,"The direction is masterful, but the acting from some supporting cast members was wooden.",showcase,
showcase_9,"The direction is masterful, but the acting from some supporting cast members was wooden.",acting,Actor/Performance,ASPECT,0.88,"The direction is masterful, but the acting from some supporting cast members was wooden.",showcase,
showcase_9,"The direction is masterful, but the acting from some supporting cast members was wooden.",some supporting cast members,Actor/Performance,ASPECT,0.9,"The direction is masterful, but the acting from some supporting cast members was wooden.",showcase,
showcase_10,An absolutely brilliant screenplay complimented by exceptional cinematography and a hauntingly beautiful score.,absolutely brilliant screenplay,Plot/Story,ASPECT,0.9,An absolutely brilliant screenplay complimented by exceptional cinematography and a hauntingly beautiful score.,showcase,
showcase_10,An absolutely brilliant screenplay complimented by exceptional cinematography and a hauntingly beautiful score.,exceptional cinematography,Cinematography/Visuals,ASPECT,0.9,An absolutely brilliant screenplay complimented by exceptional cinematography and a hauntingly beautiful score.,showcase,
showcase_10,An absolutely brilliant screenplay complimented by exceptional cinematography and a hauntingly beautiful score.,hauntingly beautiful score,Music/Soundtrack,ASPECT,0.9,An absolutely brilliant screenplay complimented by exceptional cinematography and a hauntingly beautiful score.,showcase,
imdb_train_1,"Dumb is as dumb does, in this thoroughly uninteresting, supposed black comedy. Essentially what starts out as Chris Klein trying to maintain a low profile, eventually morphs into an uninspired version","thoroughly uninteresting, supposed black comedy",Atmosphere/Tone,ASPECT,0.9,"Dumb is as dumb does, in this thoroughly uninteresting, supposed black comedy.",imdb,negative
imdb_train_1,"Dumb is as dumb does, in this thoroughly uninteresting, supposed black comedy. Essentially what starts out as Chris Klein trying to maintain a low profile, eventually morphs into an uninspired version",Chris Klein,Actor/Performance,PERSON,1.0,"Essentially what starts out as Chris Klein trying to maintain a low profile, eventually morphs into an uninspired version of ""The Three Amigos"", only without any laughs.",imdb,negative
imdb_train_1,"Dumb is as dumb does, in this thoroughly uninteresting, supposed black comedy. Essentially what starts out as Chris Klein trying to maintain a low profile, eventually morphs into an uninspired version",black comedy,Atmosphere/Tone,ASPECT,0.9,"In order for black comedy to work, it must be outrageous, which ""Play Dead"" is not.",imdb,negative
imdb_train_1,"Dumb is as dumb does, in this thoroughly uninteresting, supposed black comedy. Essentially what starts out as Chris Klein trying to maintain a low profile, eventually morphs into an uninspired version",black comedy,Atmosphere/Tone,ASPECT,0.9,"In order for black comedy to work, it cannot be mean spirited, which ""Play Dead"" is.",imdb,negative
imdb_train_1,"Dumb is as dumb does, in this thoroughly uninteresting, supposed black comedy. Essentially what starts out as Chris Klein trying to maintain a low profile, eventually morphs into an uninspired version",Fred Dunst,Actor/Performance,PERSON,1.0,"Fred Dunst does however do a pretty fair imitation of Billy Bob Thornton's character from ""A Simple Plan"", while Jake Busey does a pretty fair imitation of, well, Jake Busey. - MERK",imdb,negative
imdb_train_1,"Dumb is as dumb does, in this thoroughly uninteresting, supposed black comedy. Essentially what starts out as Chris Klein trying to maintain a low profile, eventually morphs into an uninspired version",Billy Bob Thornton,Actor/Performance,PERSON,0.999,"Fred Dunst does however do a pretty fair imitation of Billy Bob Thornton's character from ""A Simple Plan"", while Jake Busey does a pretty fair imitation of, well, Jake Busey. - MERK",imdb,negative
imdb_train_1,"Dumb is as dumb does, in this thoroughly uninteresting, supposed black comedy. Essentially what starts out as Chris Klein trying to maintain a low profile, eventually morphs into an uninspired version",Jake Busey,Actor/Performance,PERSON,0.999,"Fred Dunst does however do a pretty fair imitation of Billy Bob Thornton's character from ""A Simple Plan"", while Jake Busey does a pretty fair imitation of, well, Jake Busey. - MERK",imdb,negative
imdb_train_1,"Dumb is as dumb does, in this thoroughly uninteresting, supposed black comedy. Essentially what starts out as Chris Klein trying to maintain a low profile, eventually morphs into an uninspired version",Jake Busey,Actor/Performance,PERSON,0.982,"Fred Dunst does however do a pretty fair imitation of Billy Bob Thornton's character from ""A Simple Plan"", while Jake Busey does a pretty fair imitation of, well, Jake Busey. - MERK",imdb,negative
imdb_train_2,I dug out from my garage some old musicals and this is another one of my favorites. It was written by Jay Alan Lerner and directed by Vincent Minelli. It won two Academy Awards for Best Picture of 195,Jay Alan Lerner,Actor/Performance,PERSON,0.998,It was written by Jay Alan Lerner and directed by Vincent Minelli.,imdb,positive
imdb_train_2,I dug out from my garage some old musicals and this is another one of my favorites. It was written by Jay Alan Lerner and directed by Vincent Minelli. It won two Academy Awards for Best Picture of 195,directed,Direction,ASPECT,0.88,It was written by Jay Alan Lerner and directed by Vincent Minelli.,imdb,positive
imdb_train_2,I dug out from my garage some old musicals and this is another one of my favorites. It was written by Jay Alan Lerner and directed by Vincent Minelli. It won two Academy Awards for Best Picture of 195,Vincent Minelli,Actor/Performance,PERSON,0.993,It was written by Jay Alan Lerner and directed by Vincent Minelli.,imdb,positive
imdb_train_2,I dug out from my garage some old musicals and this is another one of my favorites. It was written by Jay Alan Lerner and directed by Vincent Minelli. It won two Academy Awards for Best Picture of 195,Best Screenplay,Plot/Story,ASPECT,0.9,It won two Academy Awards for Best Picture of 1951 and Best Screenplay.,imdb,positive
imdb_train_2,I dug out from my garage some old musicals and this is another one of my favorites. It was written by Jay Alan Lerner and directed by Vincent Minelli. It won two Academy Awards for Best Picture of 195,story,Plot/Story,ASPECT,0.9,The story of an American painter in Paris who tries to make it big.,imdb,positive
imdb_train_2,I dug out from my garage some old musicals and this is another one of my favorites. It was written by Jay Alan Lerner and directed by Vincent Minelli. It won two Academy Awards for Best Picture of 195,Nina Foch,Actor/Performance,PERSON,0.996,"Nina Foch is a sophisticated lady of means and is very interested in helping him, but soon finds she loves the guy.",imdb,positive
imdb_train_2,I dug out from my garage some old musicals and this is another one of my favorites. It was written by Jay Alan Lerner and directed by Vincent Minelli. It won two Academy Awards for Best Picture of 195,Gene Kelly,Actor/Performance,PERSON,1.0,"Meanwhile Gene Kelly falls for lovely damsel, Leslie Caron.",imdb,positive
imdb_train_2,I dug out from my garage some old musicals and this is another one of my favorites. It was written by Jay Alan Lerner and directed by Vincent Minelli. It won two Academy Awards for Best Picture of 195,Leslie Caron,Actor/Performance,PERSON,0.999,"Meanwhile Gene Kelly falls for lovely damsel, Leslie Caron.",imdb,positive
imdb_train_2,I dug out from my garage some old musicals and this is another one of my favorites. It was written by Jay Alan Lerner and directed by Vincent Minelli. It won two Academy Awards for Best Picture of 195,Georges Guietary,Actor/Performance,PERSON,0.996,"Famous French singer Georges Guietary sings, too.",imdb,positive
imdb_train_2,I dug out from my garage some old musicals and this is another one of my favorites. It was written by Jay Alan Lerner and directed by Vincent Minelli. It won two Academy Awards for Best Picture of 195,Oscar Levant,Actor/Performance,PERSON,1.0,"So if you like good smooth dancing and fun filled scenes filled with Oscar Levant's nimble piano fingers, the songs of George Gershwyn will live on forever in this colorful gem.",imdb,positive
imdb_train_2,I dug out from my garage some old musicals and this is another one of my favorites. It was written by Jay Alan Lerner and directed by Vincent Minelli. It won two Academy Awards for Best Picture of 195,songs,Music/Soundtrack,ASPECT,0.9,"So if you like good smooth dancing and fun filled scenes filled with Oscar Levant's nimble piano fingers, the songs of George Gershwyn will live on forever in this colorful gem.",imdb,positive
imdb_train_2,I dug out from my garage some old musicals and this is another one of my favorites. It was written by Jay Alan Lerner and directed by Vincent Minelli. It won two Academy Awards for Best Picture of 195,George Gershwyn,Actor/Performance,PERSON,0.966,"So if you like good smooth dancing and fun filled scenes filled with Oscar Levant's nimble piano fingers, the songs of George Gershwyn will live on forever in this colorful gem.",imdb,positive
imdb_train_3,"After watching this movie I was honestly disappointed - not because of the actors, story or directing - I was disappointed by this film advertisements. The trailers were suggesting that the battalion ",actors,Actor/Performance,ASPECT,0.9,"After watching this movie I was honestly disappointed - not because of the actors, story or directing - I was disappointed by this film advertisements.",imdb,negative
imdb_train_3,"After watching this movie I was honestly disappointed - not because of the actors, story or directing - I was disappointed by this film advertisements. The trailers were suggesting that the battalion ",story,Plot/Story,ASPECT,0.9,"After watching this movie I was honestly disappointed - not because of the actors, story or directing - I was disappointed by this film advertisements.",imdb,negative
imdb_train_3,"After watching this movie I was honestly disappointed - not because of the actors, story or directing - I was disappointed by this film advertisements. The trailers were suggesting that the battalion ",directing,Direction,ASPECT,0.9,"After watching this movie I was honestly disappointed - not because of the actors, story or directing - I was disappointed by this film advertisements.",imdb,negative
imdb_train_3,"After watching this movie I was honestly disappointed - not because of the actors, story or directing - I was disappointed by this film advertisements. The trailers were suggesting that the battalion ",story,Plot/Story,ASPECT,0.9,"Then I began to think ""hey, this story can't be that simple...",imdb,negative
imdb_train_3,"After watching this movie I was honestly disappointed - not because of the actors, story or directing - I was disappointed by this film advertisements. The trailers were suggesting that the battalion ",story,Plot/Story,ASPECT,0.9,"The story was based on real events of World War I, so the writers couldn't make much use of their imagination, but even thought I found this movie really unchallenging and even a little bit boring.",imdb,negative
imdb_train_3,"After watching this movie I was honestly disappointed - not because of the actors, story or directing - I was disappointed by this film advertisements. The trailers were suggesting that the battalion ",writers,Plot/Story,ASPECT,0.9,"The story was based on real events of World War I, so the writers couldn't make much use of their imagination, but even thought I found this movie really unchallenging and even a little bit boring.",imdb,negative
imdb_train_3,"After watching this movie I was honestly disappointed - not because of the actors, story or directing - I was disappointed by this film advertisements. The trailers were suggesting that the battalion ",actors,Actor/Performance,ASPECT,0.9,"And as I wrote in the first place - it isn't fault of actors, writers or director - their marketing people have raised my expectations high above the level that this movie could cope with.",imdb,negative
imdb_train_3,"After watching this movie I was honestly disappointed - not because of the actors, story or directing - I was disappointed by this film advertisements. The trailers were suggesting that the battalion ",writers,Plot/Story,ASPECT,0.9,"And as I wrote in the first place - it isn't fault of actors, writers or director - their marketing people have raised my expectations high above the level that this movie could cope with.",imdb,negative
imdb_train_3,"After watching this movie I was honestly disappointed - not because of the actors, story or directing - I was disappointed by this film advertisements. The trailers were suggesting that the battalion ",director,Direction,ASPECT,0.9,"And as I wrote in the first place - it isn't fault of actors, writers or director - their marketing people have raised my expectations high above the level that this movie could cope with.",imdb,negative
imdb_train_4,"This movie was nominated for best picture but lost out to Casablanca but Paul Lukas beat out Humphrey Bogart for best actor. I don't see why Lucile Watson was nominated for best supporting actor, i ju",Paul Lukas,Actor/Performance,PERSON,1.0,This movie was nominated for best picture but lost out to Casablanca but Paul Lukas beat out Humphrey Bogart for best actor.,imdb,positive
imdb_train_4,"This movie was nominated for best picture but lost out to Casablanca but Paul Lukas beat out Humphrey Bogart for best actor. I don't see why Lucile Watson was nominated for best supporting actor, i ju",Humphrey Bogart,Actor/Performance,PERSON,0.999,This movie was nominated for best picture but lost out to Casablanca but Paul Lukas beat out Humphrey Bogart for best actor.,imdb,positive
imdb_train_4,"This movie was nominated for best picture but lost out to Casablanca but Paul Lukas beat out Humphrey Bogart for best actor. I don't see why Lucile Watson was nominated for best supporting actor, i ju",best actor,Actor/Performance,ASPECT,0.9,This movie was nominated for best picture but lost out to Casablanca but Paul Lukas beat out Humphrey Bogart for best actor.,imdb,positive
imdb_train_4,"This movie was nominated for best picture but lost out to Casablanca but Paul Lukas beat out Humphrey Bogart for best actor. I don't see why Lucile Watson was nominated for best supporting actor, i ju",Luc,Actor/Performance,PERSON,0.999,"I don't see why Lucile Watson was nominated for best supporting actor, i just don't think she did a very good job.",imdb,positive
imdb_train_4,"This movie was nominated for best picture but lost out to Casablanca but Paul Lukas beat out Humphrey Bogart for best actor. I don't see why Lucile Watson was nominated for best supporting actor, i ju",##ile Watson,Actor/Performance,PERSON,0.853,"I don't see why Lucile Watson was nominated for best supporting actor, i just don't think she did a very good job.",imdb,positive
imdb_train_4,"This movie was nominated for best picture but lost out to Casablanca but Paul Lukas beat out Humphrey Bogart for best actor. I don't see why Lucile Watson was nominated for best supporting actor, i ju",best supporting actor,Actor/Performance,ASPECT,0.9,"I don't see why Lucile Watson was nominated for best supporting actor, i just don't think she did a very good job.",imdb,positive
imdb_train_4,"This movie was nominated for best picture but lost out to Casablanca but Paul Lukas beat out Humphrey Bogart for best actor. I don't see why Lucile Watson was nominated for best supporting actor, i ju",Bet,Actor/Performance,PERSON,0.999,Bette Davis and Paul Lukas and their three kids are leaving Mexico and coming into the United States in the first scene of the movie.,imdb,positive
imdb_train_4,"This movie was nominated for best picture but lost out to Casablanca but Paul Lukas beat out Humphrey Bogart for best actor. I don't see why Lucile Watson was nominated for best supporting actor, i ju",##te Davis,Actor/Performance,PERSON,0.998,Bette Davis and Paul Lukas and their three kids are leaving Mexico and coming into the United States in the first scene of the movie.,imdb,positive
imdb_train_4,"This movie was nominated for best picture but lost out to Casablanca but Paul Lukas beat out Humphrey Bogart for best actor. I don't see why Lucile Watson was nominated for best supporting actor, i ju",Paul Lukas,Actor/Performance,PERSON,0.996,Bette Davis and Paul Lukas and their three kids are leaving Mexico and coming into the United States in the first scene of the movie.,imdb,positive
imdb_train_4,"This movie was nominated for best picture but lost out to Casablanca but Paul Lukas beat out Humphrey Bogart for best actor. I don't see why Lucile Watson was nominated for best supporting actor, i ju",Davis,Actor/Performance,PERSON,0.999,They are going by train to Davis's relatives house.,imdb,positive
imdb_train_4,"This movie was nominated for best picture but lost out to Casablanca but Paul Lukas beat out Humphrey Bogart for best actor. I don't see why Lucile Watson was nominated for best supporting actor, i ju",Davis,Actor/Performance,PERSON,1.0,Davis and Lukas were in the underground to stop the Nazis so they are very tired and need rest.,imdb,positive
imdb_train_4,"This movie was nominated for best picture but lost out to Casablanca but Paul Lukas beat out Humphrey Bogart for best actor. I don't see why Lucile Watson was nominated for best supporting actor, i ju",##kas,Actor/Performance,PERSON,0.77,Davis and Lukas were in the underground to stop the Nazis so they are very tired and need rest.,imdb,positive
imdb_train_4,"This movie was nominated for best picture but lost out to Casablanca but Paul Lukas beat out Humphrey Bogart for best actor. I don't see why Lucile Watson was nominated for best supporting actor, i ju",Lukas,Actor/Performance,PERSON,0.842,It turns out the Nazi only cares about money and is willing to make a deal with Lukas.,imdb,positive
imdb_train_4,"This movie was nominated for best picture but lost out to Casablanca but Paul Lukas beat out Humphrey Bogart for best actor. I don't see why Lucile Watson was nominated for best supporting actor, i ju",plot,Plot/Story,ASPECT,0.9,Their is more to the plot but you can find that out for yourself.,imdb,positive
imdb_train_5,"Just like Al Gore shook us up with his painfully honest and cleverly presented documentary-movie ""An inconvenient truth"", directors Alastair Fothergill and Mark Linfield also remind us that it's about",Al Gore,Actor/Performance,PERSON,1.0,"Just like Al Gore shook us up with his painfully honest and cleverly presented documentary-movie ""An inconvenient truth"", directors Alastair Fothergill and Mark Linfield also remind us that it's about time to improve our way of life in order to save our beautiful planet.",imdb,positive
imdb_train_5,"Just like Al Gore shook us up with his painfully honest and cleverly presented documentary-movie ""An inconvenient truth"", directors Alastair Fothergill and Mark Linfield also remind us that it's about",Alast,Actor/Performance,PERSON,0.812,"Just like Al Gore shook us up with his painfully honest and cleverly presented documentary-movie ""An inconvenient truth"", directors Alastair Fothergill and Mark Linfield also remind us that it's about time to improve our way of life in order to save our beautiful planet.",imdb,positive
imdb_train_5,"Just like Al Gore shook us up with his painfully honest and cleverly presented documentary-movie ""An inconvenient truth"", directors Alastair Fothergill and Mark Linfield also remind us that it's about",##air Fothergill,Actor/Performance,PERSON,0.99,"Just like Al Gore shook us up with his painfully honest and cleverly presented documentary-movie ""An inconvenient truth"", directors Alastair Fothergill and Mark Linfield also remind us that it's about time to improve our way of life in order to save our beautiful planet.",imdb,positive
imdb_train_5,"Just like Al Gore shook us up with his painfully honest and cleverly presented documentary-movie ""An inconvenient truth"", directors Alastair Fothergill and Mark Linfield also remind us that it's about",Mark Linfield,Actor/Performance,PERSON,0.999,"Just like Al Gore shook us up with his painfully honest and cleverly presented documentary-movie ""An inconvenient truth"", directors Alastair Fothergill and Mark Linfield also remind us that it's about time to improve our way of life in order to save our beautiful planet.",imdb,positive
imdb_train_5,"Just like Al Gore shook us up with his painfully honest and cleverly presented documentary-movie ""An inconvenient truth"", directors Alastair Fothergill and Mark Linfield also remind us that it's about",Al Gore,Actor/Performance,PERSON,1.0,Al Gore showed us the bleak future of planet Earth by presenting hard facts backed up by documented examples through long yet always interesting monologues.,imdb,positive
imdb_train_5,"Just like Al Gore shook us up with his painfully honest and cleverly presented documentary-movie ""An inconvenient truth"", directors Alastair Fothergill and Mark Linfield also remind us that it's about",always interesting monologues,Dialogues/Screenplay,ASPECT,0.9,Al Gore showed us the bleak future of planet Earth by presenting hard facts backed up by documented examples through long yet always interesting monologues.,imdb,positive
imdb_train_5,"Just like Al Gore shook us up with his painfully honest and cleverly presented documentary-movie ""An inconvenient truth"", directors Alastair Fothergill and Mark Linfield also remind us that it's about",Al Gore,Actor/Performance,PERSON,0.998,"This is exactly the kind of movie that had to be made, in combination with the one from Al Gore, in order to make us realize that our planet is too precious to meddle with.",imdb,positive
imdb_train_5,"Just like Al Gore shook us up with his painfully honest and cleverly presented documentary-movie ""An inconvenient truth"", directors Alastair Fothergill and Mark Linfield also remind us that it's about",Patrick Stewart,Actor/Performance,PERSON,1.0,The voice-over by Patrick Stewart is always relaxing and thus very well done although at first it sounded as though I was watching an X-men movie instead!,imdb,positive
imdb_train_5,"Just like Al Gore shook us up with his painfully honest and cleverly presented documentary-movie ""An inconvenient truth"", directors Alastair Fothergill and Mark Linfield also remind us that it's about",cinematography,Cinematography/Visuals,ASPECT,0.9,The cinematography is probably the most remarkable thing of this documentary.,imdb,positive
imdb_train_6,"Unfortunately, this movie is so bad. The original Out of Towners was manic and very funny, of course they used the script written by Neil Simon. For some reason Neil Simons script is not used in this ",script,Plot/Story,ASPECT,0.9,"The original Out of Towners was manic and very funny, of course they used the script written by Neil Simon.",imdb,negative
imdb_train_6,"Unfortunately, this movie is so bad. The original Out of Towners was manic and very funny, of course they used the script written by Neil Simon. For some reason Neil Simons script is not used in this ",Neil Simon,Actor/Performance,PERSON,0.999,"The original Out of Towners was manic and very funny, of course they used the script written by Neil Simon.",imdb,negative
imdb_train_6,"Unfortunately, this movie is so bad. The original Out of Towners was manic and very funny, of course they used the script written by Neil Simon. For some reason Neil Simons script is not used in this ",Neil Simon,Actor/Performance,PERSON,1.0,For some reason Neil Simons script is not used in this film so it falls flat time and time again.,imdb,negative
imdb_train_6,"Unfortunately, this movie is so bad. The original Out of Towners was manic and very funny, of course they used the script written by Neil Simon. For some reason Neil Simons script is not used in this ",direction,Direction,ASPECT,0.9,The direction is very slow and tedious and when there is a joke it is given away so the joke dies i.e. The couple having sex in the park.,imdb,negative
imdb_train_6,"Unfortunately, this movie is so bad. The original Out of Towners was manic and very funny, of course they used the script written by Neil Simon. For some reason Neil Simons script is not used in this ",lighting ceremony,Cinematography/Visuals,ASPECT,0.9,"They announce it is a lighting ceremony for New York, well we all know the lights are going to come on and we will be able to see cute and mugging Goldie & Steve do a bit of slap stick.",imdb,negative
imdb_train_6,"Unfortunately, this movie is so bad. The original Out of Towners was manic and very funny, of course they used the script written by Neil Simon. For some reason Neil Simons script is not used in this ",Gold,Actor/Performance,PERSON,0.981,"They announce it is a lighting ceremony for New York, well we all know the lights are going to come on and we will be able to see cute and mugging Goldie & Steve do a bit of slap stick.",imdb,negative
imdb_train_6,"Unfortunately, this movie is so bad. The original Out of Towners was manic and very funny, of course they used the script written by Neil Simon. For some reason Neil Simons script is not used in this ",##ie,Actor/Performance,PERSON,0.734,"They announce it is a lighting ceremony for New York, well we all know the lights are going to come on and we will be able to see cute and mugging Goldie & Steve do a bit of slap stick.",imdb,negative
imdb_train_6,"Unfortunately, this movie is so bad. The original Out of Towners was manic and very funny, of course they used the script written by Neil Simon. For some reason Neil Simons script is not used in this ",Steve,Actor/Performance,PERSON,0.799,"They announce it is a lighting ceremony for New York, well we all know the lights are going to come on and we will be able to see cute and mugging Goldie & Steve do a bit of slap stick.",imdb,negative
imdb_train_6,"Unfortunately, this movie is so bad. The original Out of Towners was manic and very funny, of course they used the script written by Neil Simon. For some reason Neil Simons script is not used in this ",Gold,Actor/Performance,PERSON,0.609,Why isn't Goldies hair ever even messed up in the movie.,imdb,negative
imdb_train_6,"Unfortunately, this movie is so bad. The original Out of Towners was manic and very funny, of course they used the script written by Neil Simon. For some reason Neil Simons script is not used in this ",Gold,Actor/Performance,PERSON,0.944,You will also notice every close up of Goldie (they use a very intense soft lens).,imdb,negative
imdb_train_6,"Unfortunately, this movie is so bad. The original Out of Towners was manic and very funny, of course they used the script written by Neil Simon. For some reason Neil Simons script is not used in this ",Jack Lemm,Actor/Performance,PERSON,0.998,"I suggest you rent the original with Jack Lemmon and Sandy Dennis, that's if you want to laugh.",imdb,negative
imdb_train_6,"Unfortunately, this movie is so bad. The original Out of Towners was manic and very funny, of course they used the script written by Neil Simon. For some reason Neil Simons script is not used in this ",Sandy Dennis,Actor/Performance,PERSON,0.999,"I suggest you rent the original with Jack Lemmon and Sandy Dennis, that's if you want to laugh.",imdb,negative
imdb_train_7,Altered Species starts one Friday night in Los Angeles where Dr. Irwin (Guy Vieg) & his laboratory assistant Walter (Allen Lee Haff) are burning the midnight oil as they continue to try & perfect a re,Irwin,Actor/Performance,PERSON,0.964,Altered Species starts one Friday night in Los Angeles where Dr. Irwin (Guy Vieg) & his laboratory assistant Walter (Allen Lee Haff) are burning the midnight oil as they continue to try & perfect a revolutionary new drug called 'Rejenacyn'.,imdb,negative
imdb_train_7,Altered Species starts one Friday night in Los Angeles where Dr. Irwin (Guy Vieg) & his laboratory assistant Walter (Allen Lee Haff) are burning the midnight oil as they continue to try & perfect a re,Guy Vieg,Actor/Performance,PERSON,0.852,Altered Species starts one Friday night in Los Angeles where Dr. Irwin (Guy Vieg) & his laboratory assistant Walter (Allen Lee Haff) are burning the midnight oil as they continue to try & perfect a revolutionary new drug called 'Rejenacyn'.,imdb,negative
imdb_train_7,Altered Species starts one Friday night in Los Angeles where Dr. Irwin (Guy Vieg) & his laboratory assistant Walter (Allen Lee Haff) are burning the midnight oil as they continue to try & perfect a re,Walter,Actor/Performance,PERSON,0.999,Altered Species starts one Friday night in Los Angeles where Dr. Irwin (Guy Vieg) & his laboratory assistant Walter (Allen Lee Haff) are burning the midnight oil as they continue to try & perfect a revolutionary new drug called 'Rejenacyn'.,imdb,negative
imdb_train_7,Altered Species starts one Friday night in Los Angeles where Dr. Irwin (Guy Vieg) & his laboratory assistant Walter (Allen Lee Haff) are burning the midnight oil as they continue to try & perfect a re,Allen Lee Haff,Actor/Performance,PERSON,0.876,Altered Species starts one Friday night in Los Angeles where Dr. Irwin (Guy Vieg) & his laboratory assistant Walter (Allen Lee Haff) are burning the midnight oil as they continue to try & perfect a revolutionary new drug called 'Rejenacyn'.,imdb,negative
imdb_train_7,Altered Species starts one Friday night in Los Angeles where Dr. Irwin (Guy Vieg) & his laboratory assistant Walter (Allen Lee Haff) are burning the midnight oil as they continue to try & perfect a re,Walter,Actor/Performance,PERSON,0.998,As Walter tips the latest failed attempt down the sink the pipes leak the florescent green liquid into the basement where escaped lab rats begin to drink it...,imdb,negative
imdb_train_7,Altered Species starts one Friday night in Los Angeles where Dr. Irwin (Guy Vieg) & his laboratory assistant Walter (Allen Lee Haff) are burning the midnight oil as they continue to try & perfect a re,Walter,Actor/Performance,PERSON,0.999,"Five of Walter's friends, Alicia (Leah Rown in a very fetching outfit including some cool boots that she gets to stomp on a rat with), Gary (Richard Peterson), Burke (Derek Hofman), Frank (David Bradley) & Chelsea (Alexandra Townsend) decide that he has been working too hard & needs to get out so they plan to pick him up & party the night away.",imdb,negative
imdb_train_7,Altered Species starts one Friday night in Los Angeles where Dr. Irwin (Guy Vieg) & his laboratory assistant Walter (Allen Lee Haff) are burning the midnight oil as they continue to try & perfect a re,Alicia,Actor/Performance,PERSON,0.999,"Five of Walter's friends, Alicia (Leah Rown in a very fetching outfit including some cool boots that she gets to stomp on a rat with), Gary (Richard Peterson), Burke (Derek Hofman), Frank (David Bradley) & Chelsea (Alexandra Townsend) decide that he has been working too hard & needs to get out so they plan to pick him up & party the night away.",imdb,negative
imdb_train_7,Altered Species starts one Friday night in Los Angeles where Dr. Irwin (Guy Vieg) & his laboratory assistant Walter (Allen Lee Haff) are burning the midnight oil as they continue to try & perfect a re,Leah Row,Actor/Performance,PERSON,0.999,"Five of Walter's friends, Alicia (Leah Rown in a very fetching outfit including some cool boots that she gets to stomp on a rat with), Gary (Richard Peterson), Burke (Derek Hofman), Frank (David Bradley) & Chelsea (Alexandra Townsend) decide that he has been working too hard & needs to get out so they plan to pick him up & party the night away.",imdb,negative
imdb_train_7,Altered Species starts one Friday night in Los Angeles where Dr. Irwin (Guy Vieg) & his laboratory assistant Walter (Allen Lee Haff) are burning the midnight oil as they continue to try & perfect a re,Gary,Actor/Performance,PERSON,1.0,"Five of Walter's friends, Alicia (Leah Rown in a very fetching outfit including some cool boots that she gets to stomp on a rat with), Gary (Richard Peterson), Burke (Derek Hofman), Frank (David Bradley) & Chelsea (Alexandra Townsend) decide that he has been working too hard & needs to get out so they plan to pick him up & party the night away.",imdb,negative
imdb_train_7,Altered Species starts one Friday night in Los Angeles where Dr. Irwin (Guy Vieg) & his laboratory assistant Walter (Allen Lee Haff) are burning the midnight oil as they continue to try & perfect a re,Richard Peterson,Actor/Performance,PERSON,0.998,"Five of Walter's friends, Alicia (Leah Rown in a very fetching outfit including some cool boots that she gets to stomp on a rat with), Gary (Richard Peterson), Burke (Derek Hofman), Frank (David Bradley) & Chelsea (Alexandra Townsend) decide that he has been working too hard & needs to get out so they plan to pick him up & party the night away.",imdb,negative
imdb_train_7,Altered Species starts one Friday night in Los Angeles where Dr. Irwin (Guy Vieg) & his laboratory assistant Walter (Allen Lee Haff) are burning the midnight oil as they continue to try & perfect a re,Burke,Actor/Performance,PERSON,0.999,"Five of Walter's friends, Alicia (Leah Rown in a very fetching outfit including some cool boots that she gets to stomp on a rat with), Gary (Richard Peterson), Burke (Derek Hofman), Frank (David Bradley) & Chelsea (Alexandra Townsend) decide that he has been working too hard & needs to get out so they plan to pick him up & party the night away.",imdb,negative
imdb_train_7,Altered Species starts one Friday night in Los Angeles where Dr. Irwin (Guy Vieg) & his laboratory assistant Walter (Allen Lee Haff) are burning the midnight oil as they continue to try & perfect a re,Derek Hofman,Actor/Performance,PERSON,0.855,"Five of Walter's friends, Alicia (Leah Rown in a very fetching outfit including some cool boots that she gets to stomp on a rat with), Gary (Richard Peterson), Burke (Derek Hofman), Frank (David Bradley) & Chelsea (Alexandra Townsend) decide that he has been working too hard & needs to get out so they plan to pick him up & party the night away.",imdb,negative
imdb_train_7,Altered Species starts one Friday night in Los Angeles where Dr. Irwin (Guy Vieg) & his laboratory assistant Walter (Allen Lee Haff) are burning the midnight oil as they continue to try & perfect a re,Frank,Actor/Performance,PERSON,0.999,"Five of Walter's friends, Alicia (Leah Rown in a very fetching outfit including some cool boots that she gets to stomp on a rat with), Gary (Richard Peterson), Burke (Derek Hofman), Frank (David Bradley) & Chelsea (Alexandra Townsend) decide that he has been working too hard & needs to get out so they plan to pick him up & party the night away.",imdb,negative
imdb_train_7,Altered Species starts one Friday night in Los Angeles where Dr. Irwin (Guy Vieg) & his laboratory assistant Walter (Allen Lee Haff) are burning the midnight oil as they continue to try & perfect a re,David Bradley,Actor/Performance,PERSON,0.998,"Five of Walter's friends, Alicia (Leah Rown in a very fetching outfit including some cool boots that she gets to stomp on a rat with), Gary (Richard Peterson), Burke (Derek Hofman), Frank (David Bradley) & Chelsea (Alexandra Townsend) decide that he has been working too hard & needs to get out so they plan to pick him up & party the night away.",imdb,negative
imdb_train_7,Altered Species starts one Friday night in Los Angeles where Dr. Irwin (Guy Vieg) & his laboratory assistant Walter (Allen Lee Haff) are burning the midnight oil as they continue to try & perfect a re,Chelsea,Actor/Performance,PERSON,0.993,"Five of Walter's friends, Alicia (Leah Rown in a very fetching outfit including some cool boots that she gets to stomp on a rat with), Gary (Richard Peterson), Burke (Derek Hofman), Frank (David Bradley) & Chelsea (Alexandra Townsend) decide that he has been working too hard & needs to get out so they plan to pick him up & party the night away.",imdb,negative
imdb_train_7,Altered Species starts one Friday night in Los Angeles where Dr. Irwin (Guy Vieg) & his laboratory assistant Walter (Allen Lee Haff) are burning the midnight oil as they continue to try & perfect a re,Alexandra Townsend,Actor/Performance,PERSON,0.995,"Five of Walter's friends, Alicia (Leah Rown in a very fetching outfit including some cool boots that she gets to stomp on a rat with), Gary (Richard Peterson), Burke (Derek Hofman), Frank (David Bradley) & Chelsea (Alexandra Townsend) decide that he has been working too hard & needs to get out so they plan to pick him up & party the night away.",imdb,negative
imdb_train_7,Altered Species starts one Friday night in Los Angeles where Dr. Irwin (Guy Vieg) & his laboratory assistant Walter (Allen Lee Haff) are burning the midnight oil as they continue to try & perfect a re,Douglas,Actor/Performance,PERSON,0.999,Back at the lab & the cleaner Douglas (Robert Broughton) has been attacked & killed by the now homicidal rats in the basement as Walter injects the latest batch of serum in a lab rat which breaks out of it's cage as it grows at an amazing rate.,imdb,negative
imdb_train_7,Altered Species starts one Friday night in Los Angeles where Dr. Irwin (Guy Vieg) & his laboratory assistant Walter (Allen Lee Haff) are burning the midnight oil as they continue to try & perfect a re,Robert Brough,Actor/Performance,PERSON,0.952,Back at the lab & the cleaner Douglas (Robert Broughton) has been attacked & killed by the now homicidal rats in the basement as Walter injects the latest batch of serum in a lab rat which breaks out of it's cage as it grows at an amazing rate.,imdb,negative
imdb_train_7,Altered Species starts one Friday night in Los Angeles where Dr. Irwin (Guy Vieg) & his laboratory assistant Walter (Allen Lee Haff) are burning the midnight oil as they continue to try & perfect a re,Walter,Actor/Performance,PERSON,0.999,Back at the lab & the cleaner Douglas (Robert Broughton) has been attacked & killed by the now homicidal rats in the basement as Walter injects the latest batch of serum in a lab rat which breaks out of it's cage as it grows at an amazing rate.,imdb,negative
imdb_train_7,Altered Species starts one Friday night in Los Angeles where Dr. Irwin (Guy Vieg) & his laboratory assistant Walter (Allen Lee Haff) are burning the midnight oil as they continue to try & perfect a re,Walter,Actor/Performance,PERSON,0.999,Walter's friends turn up but he can't leave while the rat is still missing so everyone helps him look for it.,imdb,negative
imdb_train_7,Altered Species starts one Friday night in Los Angeles where Dr. Irwin (Guy Vieg) & his laboratory assistant Walter (Allen Lee Haff) are burning the midnight oil as they continue to try & perfect a re,Rod,Actor/Performance,PERSON,0.337,All six become potential rat food... Also known as Rodentz Altered Species was co-edited & directed by Miles Feldman & has very little to recommend it.,imdb,negative
imdb_train_7,Altered Species starts one Friday night in Los Angeles where Dr. Irwin (Guy Vieg) & his laboratory assistant Walter (Allen Lee Haff) are burning the midnight oil as they continue to try & perfect a re,directed,Direction,ASPECT,0.88,All six become potential rat food... Also known as Rodentz Altered Species was co-edited & directed by Miles Feldman & has very little to recommend it.,imdb,negative
imdb_train_7,Altered Species starts one Friday night in Los Angeles where Dr. Irwin (Guy Vieg) & his laboratory assistant Walter (Allen Lee Haff) are burning the midnight oil as they continue to try & perfect a re,Miles Feld,Actor/Performance,PERSON,0.986,All six become potential rat food... Also known as Rodentz Altered Species was co-edited & directed by Miles Feldman & has very little to recommend it.,imdb,negative
imdb_train_7,Altered Species starts one Friday night in Los Angeles where Dr. Irwin (Guy Vieg) & his laboratory assistant Walter (Allen Lee Haff) are burning the midnight oil as they continue to try & perfect a re,script,Plot/Story,ASPECT,0.9,The script by producer Serge Rodnunsky is poor & coupled together with the general shoddiness of the production as a whole Altered Species really is lame.,imdb,negative
imdb_train_7,Altered Species starts one Friday night in Los Angeles where Dr. Irwin (Guy Vieg) & his laboratory assistant Walter (Allen Lee Haff) are burning the midnight oil as they continue to try & perfect a re,Serge Rodnu,Actor/Performance,PERSON,0.998,The script by producer Serge Rodnunsky is poor & coupled together with the general shoddiness of the production as a whole Altered Species really is lame.,imdb,negative
imdb_train_7,Altered Species starts one Friday night in Los Angeles where Dr. Irwin (Guy Vieg) & his laboratory assistant Walter (Allen Lee Haff) are burning the midnight oil as they continue to try & perfect a re,character,Characters,ASPECT,0.9,"For a start the character's are dumb, annoying & clichéd.",imdb,negative
imdb_train_7,Altered Species starts one Friday night in Los Angeles where Dr. Irwin (Guy Vieg) & his laboratory assistant Walter (Allen Lee Haff) are burning the midnight oil as they continue to try & perfect a re,unoriginal plot,Plot/Story,ASPECT,0.9,"Then there's the unoriginal plot with the mad scientist, the monster he has created, the isolated location, the stranded human cast & the obligatory final showdown between hero & monster.",imdb,negative
imdb_train_7,Altered Species starts one Friday night in Los Angeles where Dr. Irwin (Guy Vieg) & his laboratory assistant Walter (Allen Lee Haff) are burning the midnight oil as they continue to try & perfect a re,stranded human cast,Actor/Performance,ASPECT,0.9,"Then there's the unoriginal plot with the mad scientist, the monster he has created, the isolated location, the stranded human cast & the obligatory final showdown between hero & monster.",imdb,negative
imdb_train_7,Altered Species starts one Friday night in Los Angeles where Dr. Irwin (Guy Vieg) & his laboratory assistant Walter (Allen Lee Haff) are burning the midnight oil as they continue to try & perfect a re,hero,Characters,ASPECT,0.9,"Then there's the unoriginal plot with the mad scientist, the monster he has created, the isolated location, the stranded human cast & the obligatory final showdown between hero & monster.",imdb,negative
imdb_train_7,Altered Species starts one Friday night in Los Angeles where Dr. Irwin (Guy Vieg) & his laboratory assistant Walter (Allen Lee Haff) are burning the midnight oil as they continue to try & perfect a re,fair pace,Pacing/Editing,ASPECT,0.9,Altered Species moves along at a fair pace which is just about the best thing I can say about it & thankfully doesn't last that long.,imdb,negative
imdb_train_7,Altered Species starts one Friday night in Los Angeles where Dr. Irwin (Guy Vieg) & his laboratory assistant Walter (Allen Lee Haff) are burning the midnight oil as they continue to try & perfect a re,Director Feldman,Direction,ASPECT,0.9,Director Feldman films like a TV film & the whole thing is throughly bland & forgettable while some of the special effects & attack scenes leave a lot to be desired.,imdb,negative
imdb_train_7,Altered Species starts one Friday night in Los Angeles where Dr. Irwin (Guy Vieg) & his laboratory assistant Walter (Allen Lee Haff) are burning the midnight oil as they continue to try & perfect a re,special effects & attack scenes,Special Effects/CGI,ASPECT,0.9,Director Feldman films like a TV film & the whole thing is throughly bland & forgettable while some of the special effects & attack scenes leave a lot to be desired.,imdb,negative
imdb_train_7,Altered Species starts one Friday night in Los Angeles where Dr. Irwin (Guy Vieg) & his laboratory assistant Walter (Allen Lee Haff) are burning the midnight oil as they continue to try & perfect a re,CGI rats,Special Effects/CGI,ASPECT,0.9,"For a start the CGI rats are awful, the attack sequences feature hand-held jerky camera movement & really quick edits to try & hide the fact that all the rats are just passively sitting there.",imdb,negative
imdb_train_7,Altered Species starts one Friday night in Los Angeles where Dr. Irwin (Guy Vieg) & his laboratory assistant Walter (Allen Lee Haff) are burning the midnight oil as they continue to try & perfect a re,no tension,Atmosphere/Tone,ASPECT,0.9,"There are no scares, no tension or atmosphere & since when did basements contain bright neon lighting?",imdb,negative
imdb_train_7,Altered Species starts one Friday night in Los Angeles where Dr. Irwin (Guy Vieg) & his laboratory assistant Walter (Allen Lee Haff) are burning the midnight oil as they continue to try & perfect a re,atmosphere,Atmosphere/Tone,ASPECT,0.9,"There are no scares, no tension or atmosphere & since when did basements contain bright neon lighting?",imdb,negative
imdb_train_7,Altered Species starts one Friday night in Los Angeles where Dr. Irwin (Guy Vieg) & his laboratory assistant Walter (Allen Lee Haff) are burning the midnight oil as they continue to try & perfect a re,bright neon lighting,Cinematography/Visuals,ASPECT,0.9,"There are no scares, no tension or atmosphere & since when did basements contain bright neon lighting?",imdb,negative
imdb_train_7,Altered Species starts one Friday night in Los Angeles where Dr. Irwin (Guy Vieg) & his laboratory assistant Walter (Allen Lee Haff) are burning the midnight oil as they continue to try & perfect a re,cheap looking CGI effects,Special Effects/CGI,ASPECT,0.9,"It takes place within the confines of one building, has cheap looking CGI effects & low production values.",imdb,negative
imdb_train_7,Altered Species starts one Friday night in Los Angeles where Dr. Irwin (Guy Vieg) & his laboratory assistant Walter (Allen Lee Haff) are burning the midnight oil as they continue to try & perfect a re,acting,Actor/Performance,ASPECT,0.9,The acting isn't up to much,imdb,negative
imdb_train_8,"'The Luzhin Defence' is a movie worthy of anyone's time. it is a brooding, intense film, and kept my attention the entire time. John Turturro is absolutely stunning in his portrayal of a tender, eccen",John Turturro,Actor/Performance,PERSON,0.909,"John Turturro is absolutely stunning in his portrayal of a tender, eccentric chess Grandmaster, and Emily Watson is spell-binding as the gentle but rebellious daughter of a highly respected Russian family.",imdb,positive
imdb_train_8,"'The Luzhin Defence' is a movie worthy of anyone's time. it is a brooding, intense film, and kept my attention the entire time. John Turturro is absolutely stunning in his portrayal of a tender, eccen",portrayal,Actor/Performance,ASPECT,0.9,"John Turturro is absolutely stunning in his portrayal of a tender, eccentric chess Grandmaster, and Emily Watson is spell-binding as the gentle but rebellious daughter of a highly respected Russian family.",imdb,positive
imdb_train_8,"'The Luzhin Defence' is a movie worthy of anyone's time. it is a brooding, intense film, and kept my attention the entire time. John Turturro is absolutely stunning in his portrayal of a tender, eccen",Emily Watson,Actor/Performance,PERSON,0.999,"John Turturro is absolutely stunning in his portrayal of a tender, eccentric chess Grandmaster, and Emily Watson is spell-binding as the gentle but rebellious daughter of a highly respected Russian family.",imdb,positive
imdb_train_8,"'The Luzhin Defence' is a movie worthy of anyone's time. it is a brooding, intense film, and kept my attention the entire time. John Turturro is absolutely stunning in his portrayal of a tender, eccen",chemistry,Actor/Performance,ASPECT,0.9,The chemistry between Watson and Turturro on screen is obvious from the moment their characters meet in the story.,imdb,positive
imdb_train_8,"'The Luzhin Defence' is a movie worthy of anyone's time. it is a brooding, intense film, and kept my attention the entire time. John Turturro is absolutely stunning in his portrayal of a tender, eccen",Watson,Actor/Performance,PERSON,0.999,The chemistry between Watson and Turturro on screen is obvious from the moment their characters meet in the story.,imdb,positive
imdb_train_8,"'The Luzhin Defence' is a movie worthy of anyone's time. it is a brooding, intense film, and kept my attention the entire time. John Turturro is absolutely stunning in his portrayal of a tender, eccen",##rt,Actor/Performance,PERSON,0.478,The chemistry between Watson and Turturro on screen is obvious from the moment their characters meet in the story.,imdb,positive
imdb_train_8,"'The Luzhin Defence' is a movie worthy of anyone's time. it is a brooding, intense film, and kept my attention the entire time. John Turturro is absolutely stunning in his portrayal of a tender, eccen",##ro,Actor/Performance,PERSON,0.88,The chemistry between Watson and Turturro on screen is obvious from the moment their characters meet in the story.,imdb,positive
imdb_train_8,"'The Luzhin Defence' is a movie worthy of anyone's time. it is a brooding, intense film, and kept my attention the entire time. John Turturro is absolutely stunning in his portrayal of a tender, eccen",characters,Characters,ASPECT,0.9,The chemistry between Watson and Turturro on screen is obvious from the moment their characters meet in the story.,imdb,positive
imdb_train_8,"'The Luzhin Defence' is a movie worthy of anyone's time. it is a brooding, intense film, and kept my attention the entire time. John Turturro is absolutely stunning in his portrayal of a tender, eccen",story,Plot/Story,ASPECT,0.9,The chemistry between Watson and Turturro on screen is obvious from the moment their characters meet in the story.,imdb,positive
imdb_train_8,"'The Luzhin Defence' is a movie worthy of anyone's time. it is a brooding, intense film, and kept my attention the entire time. John Turturro is absolutely stunning in his portrayal of a tender, eccen",best in-depth looks,Characters,ASPECT,0.9,"All in all, this movie is one of the best in-depth looks at the life of a chess Grandmaster, and Turturro and Watson add a whole non-mainstream, non-cliche feel to the film.",imdb,positive
imdb_train_8,"'The Luzhin Defence' is a movie worthy of anyone's time. it is a brooding, intense film, and kept my attention the entire time. John Turturro is absolutely stunning in his portrayal of a tender, eccen",Turt,Actor/Performance,PERSON,0.766,"All in all, this movie is one of the best in-depth looks at the life of a chess Grandmaster, and Turturro and Watson add a whole non-mainstream, non-cliche feel to the film.",imdb,positive
imdb_train_8,"'The Luzhin Defence' is a movie worthy of anyone's time. it is a brooding, intense film, and kept my attention the entire time. John Turturro is absolutely stunning in his portrayal of a tender, eccen",##ro,Actor/Performance,PERSON,0.485,"All in all, this movie is one of the best in-depth looks at the life of a chess Grandmaster, and Turturro and Watson add a whole non-mainstream, non-cliche feel to the film.",imdb,positive
imdb_train_8,"'The Luzhin Defence' is a movie worthy of anyone's time. it is a brooding, intense film, and kept my attention the entire time. John Turturro is absolutely stunning in his portrayal of a tender, eccen",Watson,Actor/Performance,PERSON,0.996,"All in all, this movie is one of the best in-depth looks at the life of a chess Grandmaster, and Turturro and Watson add a whole non-mainstream, non-cliche feel to the film.",imdb,positive
imdb_train_8,"'The Luzhin Defence' is a movie worthy of anyone's time. it is a brooding, intense film, and kept my attention the entire time. John Turturro is absolutely stunning in his portrayal of a tender, eccen",feel,Atmosphere/Tone,ASPECT,0.88,"All in all, this movie is one of the best in-depth looks at the life of a chess Grandmaster, and Turturro and Watson add a whole non-mainstream, non-cliche feel to the film.",imdb,positive
imdb_train_8,"'The Luzhin Defence' is a movie worthy of anyone's time. it is a brooding, intense film, and kept my attention the entire time. John Turturro is absolutely stunning in his portrayal of a tender, eccen",love stories,Plot/Story,ASPECT,0.9,"Most people will come out of the theater thinking, and feeling somewhat touched by this brilliant look at the most unlikely of love stories.",imdb,positive
imdb_train_9,"This film's trailer interested me enough to warrant renting the DVD. However, the resulting movie is absolutely dire! Admittedly, this is not the worst film ever made, or the worst film this year, but",comedy,Atmosphere/Tone,ASPECT,0.9,"The main issue is the film not knowing what it wants to be: comedy, adult drama, thriller, teen-porn?",imdb,negative
imdb_train_9,"This film's trailer interested me enough to warrant renting the DVD. However, the resulting movie is absolutely dire! Admittedly, this is not the worst film ever made, or the worst film this year, but",adult drama,Plot/Story,ASPECT,0.9,"The main issue is the film not knowing what it wants to be: comedy, adult drama, thriller, teen-porn?",imdb,negative
imdb_train_9,"This film's trailer interested me enough to warrant renting the DVD. However, the resulting movie is absolutely dire! Admittedly, this is not the worst film ever made, or the worst film this year, but",story,Plot/Story,ASPECT,0.9,"The story is interesting, as it deals with the pitfalls of mail-order brides, but the film is a mess.",imdb,negative
imdb_train_9,"This film's trailer interested me enough to warrant renting the DVD. However, the resulting movie is absolutely dire! Admittedly, this is not the worst film ever made, or the worst film this year, but","mildly interesting ""comedy",Atmosphere/Tone,ASPECT,0.9,"What starts out as a mildly interesting ""comedy"" (a word I use in the loosest possible terms), then goes totally in reverse, and degenerates into a very dark and distasteful misogynistic thriller.",imdb,negative
imdb_train_9,"This film's trailer interested me enough to warrant renting the DVD. However, the resulting movie is absolutely dire! Admittedly, this is not the worst film ever made, or the worst film this year, but",Nicole Kid,Actor/Performance,PERSON,0.999,"Nicole Kidman should know better, and Ben Chaplin is wasted!",imdb,negative
imdb_train_9,"This film's trailer interested me enough to warrant renting the DVD. However, the resulting movie is absolutely dire! Admittedly, this is not the worst film ever made, or the worst film this year, but",Ben Chaplin,Actor/Performance,PERSON,1.0,"Nicole Kidman should know better, and Ben Chaplin is wasted!",imdb,negative
imdb_train_9,"This film's trailer interested me enough to warrant renting the DVD. However, the resulting movie is absolutely dire! Admittedly, this is not the worst film ever made, or the worst film this year, but",Matt,Actor/Performance,PERSON,0.999,"As are Matthieu Kassovitz and Vincent Cassel, whom I can only presume did this for the money.",imdb,negative
imdb_train_9,"This film's trailer interested me enough to warrant renting the DVD. However, the resulting movie is absolutely dire! Admittedly, this is not the worst film ever made, or the worst film this year, but",##eu Kassovitz,Actor/Performance,PERSON,0.903,"As are Matthieu Kassovitz and Vincent Cassel, whom I can only presume did this for the money.",imdb,negative
imdb_train_9,"This film's trailer interested me enough to warrant renting the DVD. However, the resulting movie is absolutely dire! Admittedly, this is not the worst film ever made, or the worst film this year, but",Vincent Cassel,Actor/Performance,PERSON,0.981,"As are Matthieu Kassovitz and Vincent Cassel, whom I can only presume did this for the money.",imdb,negative
imdb_train_9,"This film's trailer interested me enough to warrant renting the DVD. However, the resulting movie is absolutely dire! Admittedly, this is not the worst film ever made, or the worst film this year, but",Benny Hill,Actor/Performance,PERSON,0.999,"It's not funny, it's almost so sexist that you could almost forgive Benny Hill for everything he did, and the dramatic elements are just downright nasty.",imdb,negative
imdb_train_9,"This film's trailer interested me enough to warrant renting the DVD. However, the resulting movie is absolutely dire! Admittedly, this is not the worst film ever made, or the worst film this year, but",Kidman,Actor/Performance,PERSON,0.929,"A film to be avoided, unless you absolutely have to see Kidman or Chaplin in every one of their films!",imdb,negative
imdb_train_9,"This film's trailer interested me enough to warrant renting the DVD. However, the resulting movie is absolutely dire! Admittedly, this is not the worst film ever made, or the worst film this year, but",Chaplin,Actor/Performance,PERSON,0.997,"A film to be avoided, unless you absolutely have to see Kidman or Chaplin in every one of their films!",imdb,negative
imdb_train_10,"The only reason I watched this film was because I had recently read Robert Hough's less than perfect, but interesting, fictionalised account of the life of Big Cat trainer Mabel Stark. Beaty appears a",Robert Hough,Actor/Performance,PERSON,1.0,"The only reason I watched this film was because I had recently read Robert Hough's less than perfect, but interesting, fictionalised account of the life of Big Cat trainer Mabel Stark.",imdb,negative
imdb_train_10,"The only reason I watched this film was because I had recently read Robert Hough's less than perfect, but interesting, fictionalised account of the life of Big Cat trainer Mabel Stark. Beaty appears a",Mabel Stark,Actor/Performance,PERSON,0.998,"The only reason I watched this film was because I had recently read Robert Hough's less than perfect, but interesting, fictionalised account of the life of Big Cat trainer Mabel Stark.",imdb,negative
imdb_train_10,"The only reason I watched this film was because I had recently read Robert Hough's less than perfect, but interesting, fictionalised account of the life of Big Cat trainer Mabel Stark. Beaty appears a",Beat,Actor/Performance,PERSON,0.993,"Beaty appears as a character in the book, in a less than flattering light.",imdb,negative
imdb_train_10,"The only reason I watched this film was because I had recently read Robert Hough's less than perfect, but interesting, fictionalised account of the life of Big Cat trainer Mabel Stark. Beaty appears a",character,Characters,ASPECT,0.9,"Beaty appears as a character in the book, in a less than flattering light.",imdb,negative
imdb_train_10,"The only reason I watched this film was because I had recently read Robert Hough's less than perfect, but interesting, fictionalised account of the life of Big Cat trainer Mabel Stark. Beaty appears a",our hero,Characters,ASPECT,0.9,For instance are we really expected to believe our hero dug that twenty foot deep tiger trap in a morning without even getting his jodhpurs dirty?,imdb,negative
imdb_train_10,"The only reason I watched this film was because I had recently read Robert Hough's less than perfect, but interesting, fictionalised account of the life of Big Cat trainer Mabel Stark. Beaty appears a",cuts,Pacing/Editing,ASPECT,0.9,I guess that's where some of the cuts were made.,imdb,negative
imdb_train_11,"I have to say that Higher Learning is one of the top 3 movies I have ever watched. It has a brilliant cast, and an equally brilliant director. Singleton shows how life in University can be. There are ",brilliant cast,Actor/Performance,ASPECT,0.9,"It has a brilliant cast, and an equally brilliant director.",imdb,positive
imdb_train_11,"I have to say that Higher Learning is one of the top 3 movies I have ever watched. It has a brilliant cast, and an equally brilliant director. Singleton shows how life in University can be. There are ",equally brilliant director,Direction,ASPECT,0.9,"It has a brilliant cast, and an equally brilliant director.",imdb,positive
imdb_train_11,"I have to say that Higher Learning is one of the top 3 movies I have ever watched. It has a brilliant cast, and an equally brilliant director. Singleton shows how life in University can be. There are ",Single,Actor/Performance,PERSON,0.996,Singleton shows how life in University can be.,imdb,positive
imdb_train_11,"I have to say that Higher Learning is one of the top 3 movies I have ever watched. It has a brilliant cast, and an equally brilliant director. Singleton shows how life in University can be. There are ",3 main story lines,Plot/Story,ASPECT,0.9,"There are 3 main story lines, the skinheads, the African-Americans, and the homosexuals.",imdb,positive
imdb_train_11,"I have to say that Higher Learning is one of the top 3 movies I have ever watched. It has a brilliant cast, and an equally brilliant director. Singleton shows how life in University can be. There are ",stories,Plot/Story,ASPECT,0.9,"I was intrigued by all of the stories, but the one that got to me the most was the storyline about Kristen, battling her feelings towards another girl.",imdb,positive
imdb_train_11,"I have to say that Higher Learning is one of the top 3 movies I have ever watched. It has a brilliant cast, and an equally brilliant director. Singleton shows how life in University can be. There are ",storyline,Plot/Story,ASPECT,0.9,"I was intrigued by all of the stories, but the one that got to me the most was the storyline about Kristen, battling her feelings towards another girl.",imdb,positive
imdb_train_11,"I have to say that Higher Learning is one of the top 3 movies I have ever watched. It has a brilliant cast, and an equally brilliant director. Singleton shows how life in University can be. There are ",Kristen,Actor/Performance,PERSON,0.999,"I was intrigued by all of the stories, but the one that got to me the most was the storyline about Kristen, battling her feelings towards another girl.",imdb,positive
imdb_train_12,"I don't think I've ever felt this let down by a film before. After loving Guy Ritchie's two previous films (I don't count Swept Away - he was pussy blind), I was so looking forward to seeing this. The",Guy Ritchie,Actor/Performance,PERSON,1.0,"After loving Guy Ritchie's two previous films (I don't count Swept Away - he was pussy blind), I was so looking forward to seeing this.",imdb,negative
imdb_train_12,"I don't think I've ever felt this let down by a film before. After loving Guy Ritchie's two previous films (I don't count Swept Away - he was pussy blind), I was so looking forward to seeing this. The",Ritchie,Actor/Performance,PERSON,0.999,Unfortunately I think Ritchie seems to have fallen into his wife's trap of taking himself far too seriously.,imdb,negative
imdb_train_12,"I don't think I've ever felt this let down by a film before. After loving Guy Ritchie's two previous films (I don't count Swept Away - he was pussy blind), I was so looking forward to seeing this. The",good plots,Plot/Story,ASPECT,0.9,"It seems it wasn't good enough for him to make films with good plots, laughs, snappy dialogue and good characters.",imdb,negative
imdb_train_12,"I don't think I've ever felt this let down by a film before. After loving Guy Ritchie's two previous films (I don't count Swept Away - he was pussy blind), I was so looking forward to seeing this. The",snappy dialogue,Dialogues/Screenplay,ASPECT,0.9,"It seems it wasn't good enough for him to make films with good plots, laughs, snappy dialogue and good characters.",imdb,negative
imdb_train_12,"I don't think I've ever felt this let down by a film before. After loving Guy Ritchie's two previous films (I don't count Swept Away - he was pussy blind), I was so looking forward to seeing this. The",good characters,Characters,ASPECT,0.9,"It seems it wasn't good enough for him to make films with good plots, laughs, snappy dialogue and good characters.",imdb,negative
imdb_train_12,"I don't think I've ever felt this let down by a film before. After loving Guy Ritchie's two previous films (I don't count Swept Away - he was pussy blind), I was so looking forward to seeing this. The",performances,Actor/Performance,ASPECT,0.9,"I think the most frustrating thing is that the performances from the two main actors, Jason Statham and Ray Liotta, were actually very good and it was really the self indulgent story and editing / direction that let the film down.",imdb,negative
imdb_train_12,"I don't think I've ever felt this let down by a film before. After loving Guy Ritchie's two previous films (I don't count Swept Away - he was pussy blind), I was so looking forward to seeing this. The",two main actors,Actor/Performance,ASPECT,0.9,"I think the most frustrating thing is that the performances from the two main actors, Jason Statham and Ray Liotta, were actually very good and it was really the self indulgent story and editing / direction that let the film down.",imdb,negative
imdb_train_12,"I don't think I've ever felt this let down by a film before. After loving Guy Ritchie's two previous films (I don't count Swept Away - he was pussy blind), I was so looking forward to seeing this. The",Jason Statham,Actor/Performance,PERSON,0.998,"I think the most frustrating thing is that the performances from the two main actors, Jason Statham and Ray Liotta, were actually very good and it was really the self indulgent story and editing / direction that let the film down.",imdb,negative
imdb_train_12,"I don't think I've ever felt this let down by a film before. After loving Guy Ritchie's two previous films (I don't count Swept Away - he was pussy blind), I was so looking forward to seeing this. The",Ray Liott,Actor/Performance,PERSON,0.999,"I think the most frustrating thing is that the performances from the two main actors, Jason Statham and Ray Liotta, were actually very good and it was really the self indulgent story and editing / direction that let the film down.",imdb,negative
imdb_train_12,"I don't think I've ever felt this let down by a film before. After loving Guy Ritchie's two previous films (I don't count Swept Away - he was pussy blind), I was so looking forward to seeing this. The",self indulgent story,Plot/Story,ASPECT,0.9,"I think the most frustrating thing is that the performances from the two main actors, Jason Statham and Ray Liotta, were actually very good and it was really the self indulgent story and editing / direction that let the film down.",imdb,negative
imdb_train_12,"I don't think I've ever felt this let down by a film before. After loving Guy Ritchie's two previous films (I don't count Swept Away - he was pussy blind), I was so looking forward to seeing this. The",editing / direction,Direction,ASPECT,0.9,"I think the most frustrating thing is that the performances from the two main actors, Jason Statham and Ray Liotta, were actually very good and it was really the self indulgent story and editing / direction that let the film down.",imdb,negative
imdb_train_13,"Not one of Keaton's best efforts, this was perhaps a veiled attempt to revenge himself on the family he married into - the Talmadges. A Polish/English language barrier and a series of coincidences lea",##aton,Actor/Performance,PERSON,0.778,"Not one of Keaton's best efforts, this was perhaps a veiled attempt to revenge himself on the family he married into - the Talmadges.",imdb,negative
imdb_train_13,"Not one of Keaton's best efforts, this was perhaps a veiled attempt to revenge himself on the family he married into - the Talmadges. A Polish/English language barrier and a series of coincidences lea",Buster,Actor/Performance,PERSON,0.999,"A Polish/English language barrier and a series of coincidences leads Buster into a marriage with a large Irish woman, who (along with her father and brothers) treat him shabbily until they think he may be an heir to a fortune.",imdb,negative
imdb_train_13,"Not one of Keaton's best efforts, this was perhaps a veiled attempt to revenge himself on the family he married into - the Talmadges. A Polish/English language barrier and a series of coincidences lea",Buster,Actor/Performance,PERSON,0.998,This Metro short does have at least two real laughs - Buster's cleverly turning around his lack of dinner by using the calendar on the wall and the basic ignorance of his adopted family to literally bring the meat to his plate.,imdb,negative
imdb_train_13,"Not one of Keaton's best efforts, this was perhaps a veiled attempt to revenge himself on the family he married into - the Talmadges. A Polish/English language barrier and a series of coincidences lea",##no,Actor/Performance,PERSON,0.415,"Kino's print is crisp and clear and the score is one for player piano, drums and sound effects.",imdb,negative
imdb_train_13,"Not one of Keaton's best efforts, this was perhaps a veiled attempt to revenge himself on the family he married into - the Talmadges. A Polish/English language barrier and a series of coincidences lea",score,Music/Soundtrack,ASPECT,0.9,"Kino's print is crisp and clear and the score is one for player piano, drums and sound effects.",imdb,negative
imdb_train_13,"Not one of Keaton's best efforts, this was perhaps a veiled attempt to revenge himself on the family he married into - the Talmadges. A Polish/English language barrier and a series of coincidences lea",sound effects,Music/Soundtrack,ASPECT,0.9,"Kino's print is crisp and clear and the score is one for player piano, drums and sound effects.",imdb,negative
imdb_train_13,"Not one of Keaton's best efforts, this was perhaps a veiled attempt to revenge himself on the family he married into - the Talmadges. A Polish/English language barrier and a series of coincidences lea",Buster,Actor/Performance,PERSON,0.997,"Not one of Buster's best efforts, but worth a few laughs.",imdb,negative
imdb_train_14,"'Where the Sidewalk Ends (1950)' opens, appropriately, with Dana Andrews' and Gene Tierneys' names inscribed on the sidewalk, as dirty water streams down between the bars of a sewer grate. The sidewal",Dana Andrews,Actor/Performance,PERSON,0.999,"'Where the Sidewalk Ends (1950)' opens, appropriately, with Dana Andrews' and Gene Tierneys' names inscribed on the sidewalk, as dirty water streams down between the bars of a sewer grate.",imdb,positive
imdb_train_14,"'Where the Sidewalk Ends (1950)' opens, appropriately, with Dana Andrews' and Gene Tierneys' names inscribed on the sidewalk, as dirty water streams down between the bars of a sewer grate. The sidewal",Gene Tierney,Actor/Performance,PERSON,0.994,"'Where the Sidewalk Ends (1950)' opens, appropriately, with Dana Andrews' and Gene Tierneys' names inscribed on the sidewalk, as dirty water streams down between the bars of a sewer grate.",imdb,positive
imdb_train_14,"'Where the Sidewalk Ends (1950)' opens, appropriately, with Dana Andrews' and Gene Tierneys' names inscribed on the sidewalk, as dirty water streams down between the bars of a sewer grate. The sidewal",Mark Dixon,Actor/Performance,PERSON,1.0,"Mark Dixon (Dana Andrews) was born in the gutter, his father a professional criminal, and has spent his entire life clawing his way back onto the sidewalk, perpetually balanced on the edge of the kerb.",imdb,positive
imdb_train_14,"'Where the Sidewalk Ends (1950)' opens, appropriately, with Dana Andrews' and Gene Tierneys' names inscribed on the sidewalk, as dirty water streams down between the bars of a sewer grate. The sidewal",Dana Andrews,Actor/Performance,PERSON,1.0,"Mark Dixon (Dana Andrews) was born in the gutter, his father a professional criminal, and has spent his entire life clawing his way back onto the sidewalk, perpetually balanced on the edge of the kerb.",imdb,positive
imdb_train_14,"'Where the Sidewalk Ends (1950)' opens, appropriately, with Dana Andrews' and Gene Tierneys' names inscribed on the sidewalk, as dirty water streams down between the bars of a sewer grate. The sidewal",Dixon,Actor/Performance,PERSON,0.999,"As a police detective, Dixon wants nothing more than to display the decency and integrity that his father lacked, but he possesses a mean-streak that he can't escape.",imdb,positive
imdb_train_14,"'Where the Sidewalk Ends (1950)' opens, appropriately, with Dana Andrews' and Gene Tierneys' names inscribed on the sidewalk, as dirty water streams down between the bars of a sewer grate. The sidewal",Dixon,Actor/Performance,PERSON,0.999,"When his quick temper leaves a murder suspect dead, Dixon finds himself becoming the very father whom he despised, a cheap criminal who'll cheat and lie to cover up his offence.",imdb,positive
imdb_train_14,"'Where the Sidewalk Ends (1950)' opens, appropriately, with Dana Andrews' and Gene Tierneys' names inscribed on the sidewalk, as dirty water streams down between the bars of a sewer grate. The sidewal",Dana Andrews,Actor/Performance,PERSON,0.999,"'Where the Sidewalk Ends' was the only film to reunite Dana Andrews, Gene Tierney and director Otto Preminger after the superb 'Laura (1944),' though the two films, as far as noir goes, couldn't be further apart.",imdb,positive
imdb_train_14,"'Where the Sidewalk Ends (1950)' opens, appropriately, with Dana Andrews' and Gene Tierneys' names inscribed on the sidewalk, as dirty water streams down between the bars of a sewer grate. The sidewal",Gene Tierney,Actor/Performance,PERSON,0.996,"'Where the Sidewalk Ends' was the only film to reunite Dana Andrews, Gene Tierney and director Otto Preminger after the superb 'Laura (1944),' though the two films, as far as noir goes, couldn't be further apart.",imdb,positive
imdb_train_14,"'Where the Sidewalk Ends (1950)' opens, appropriately, with Dana Andrews' and Gene Tierneys' names inscribed on the sidewalk, as dirty water streams down between the bars of a sewer grate. The sidewal",Otto Preming,Actor/Performance,PERSON,0.999,"'Where the Sidewalk Ends' was the only film to reunite Dana Andrews, Gene Tierney and director Otto Preminger after the superb 'Laura (1944),' though the two films, as far as noir goes, couldn't be further apart.",imdb,positive
imdb_train_14,"'Where the Sidewalk Ends (1950)' opens, appropriately, with Dana Andrews' and Gene Tierneys' names inscribed on the sidewalk, as dirty water streams down between the bars of a sewer grate. The sidewal",Laura,Actor/Performance,PERSON,0.433,"'Where the Sidewalk Ends' was the only film to reunite Dana Andrews, Gene Tierney and director Otto Preminger after the superb 'Laura (1944),' though the two films, as far as noir goes, couldn't be further apart.",imdb,positive
imdb_train_14,"'Where the Sidewalk Ends (1950)' opens, appropriately, with Dana Andrews' and Gene Tierneys' names inscribed on the sidewalk, as dirty water streams down between the bars of a sewer grate. The sidewal",country-house murder tale,Plot/Story,ASPECT,0.9,"Whereas the earlier picture had the strong intimacy of a country-house murder tale, this film is more conventional as a gritty urban police drama.",imdb,positive
imdb_train_14,"'Where the Sidewalk Ends (1950)' opens, appropriately, with Dana Andrews' and Gene Tierneys' names inscribed on the sidewalk, as dirty water streams down between the bars of a sewer grate. The sidewal",gritty urban police drama,Plot/Story,ASPECT,0.9,"Whereas the earlier picture had the strong intimacy of a country-house murder tale, this film is more conventional as a gritty urban police drama.",imdb,positive
imdb_train_14,"'Where the Sidewalk Ends (1950)' opens, appropriately, with Dana Andrews' and Gene Tierneys' names inscribed on the sidewalk, as dirty water streams down between the bars of a sewer grate. The sidewal",ravishingly memorable performance,Actor/Performance,ASPECT,0.9,"Given her ravishingly memorable performance as Laura Hunt, it's unfortunate that here Tierney is grossly underused, occupying the typical niche of the pretty, helpless romantic interest {much as she did that same year in Jules Dassin's 'The Night and the City (1950)'}.",imdb,positive
imdb_train_14,"'Where the Sidewalk Ends (1950)' opens, appropriately, with Dana Andrews' and Gene Tierneys' names inscribed on the sidewalk, as dirty water streams down between the bars of a sewer grate. The sidewal",Laura Hunt,Actor/Performance,PERSON,0.998,"Given her ravishingly memorable performance as Laura Hunt, it's unfortunate that here Tierney is grossly underused, occupying the typical niche of the pretty, helpless romantic interest {much as she did that same year in Jules Dassin's 'The Night and the City (1950)'}.",imdb,positive
imdb_train_14,"'Where the Sidewalk Ends (1950)' opens, appropriately, with Dana Andrews' and Gene Tierneys' names inscribed on the sidewalk, as dirty water streams down between the bars of a sewer grate. The sidewal",Tierney,Actor/Performance,PERSON,0.952,"Given her ravishingly memorable performance as Laura Hunt, it's unfortunate that here Tierney is grossly underused, occupying the typical niche of the pretty, helpless romantic interest {much as she did that same year in Jules Dassin's 'The Night and the City (1950)'}.",imdb,positive
imdb_train_14,"'Where the Sidewalk Ends (1950)' opens, appropriately, with Dana Andrews' and Gene Tierneys' names inscribed on the sidewalk, as dirty water streams down between the bars of a sewer grate. The sidewal",Jules Dassin,Actor/Performance,PERSON,0.999,"Given her ravishingly memorable performance as Laura Hunt, it's unfortunate that here Tierney is grossly underused, occupying the typical niche of the pretty, helpless romantic interest {much as she did that same year in Jules Dassin's 'The Night and the City (1950)'}.",imdb,positive
imdb_train_14,"'Where the Sidewalk Ends (1950)' opens, appropriately, with Dana Andrews' and Gene Tierneys' names inscribed on the sidewalk, as dirty water streams down between the bars of a sewer grate. The sidewal",Andrews,Actor/Performance,PERSON,0.999,"Andrews, on the other hand, has rarely been better, exhibiting a toughness and unhinged anger that I hadn't expected of him.",imdb,positive
imdb_train_14,"'Where the Sidewalk Ends (1950)' opens, appropriately, with Dana Andrews' and Gene Tierneys' names inscribed on the sidewalk, as dirty water streams down between the bars of a sewer grate. The sidewal",Gary,Actor/Performance,PERSON,0.997,"Gary Merrill is suitably smug as the crime boss Scalise, but he doesn't seem mean enough for the role, and I think that an actor like Richard Conte (who played Mr. Brown in 'The Big Combo (1955)') would have better suited the character; I hadn't realised this, but Conte appeared just one year earlier in Preminger's 'Whirlpool (1949).'",imdb,positive
imdb_train_14,"'Where the Sidewalk Ends (1950)' opens, appropriately, with Dana Andrews' and Gene Tierneys' names inscribed on the sidewalk, as dirty water streams down between the bars of a sewer grate. The sidewal",Merrill,Actor/Performance,PERSON,0.952,"Gary Merrill is suitably smug as the crime boss Scalise, but he doesn't seem mean enough for the role, and I think that an actor like Richard Conte (who played Mr. Brown in 'The Big Combo (1955)') would have better suited the character; I hadn't realised this, but Conte appeared just one year earlier in Preminger's 'Whirlpool (1949).'",imdb,positive
imdb_train_14,"'Where the Sidewalk Ends (1950)' opens, appropriately, with Dana Andrews' and Gene Tierneys' names inscribed on the sidewalk, as dirty water streams down between the bars of a sewer grate. The sidewal",role,Actor/Performance,ASPECT,0.9,"Gary Merrill is suitably smug as the crime boss Scalise, but he doesn't seem mean enough for the role, and I think that an actor like Richard Conte (who played Mr. Brown in 'The Big Combo (1955)') would have better suited the character; I hadn't realised this, but Conte appeared just one year earlier in Preminger's 'Whirlpool (1949).'",imdb,positive
imdb_train_14,"'Where the Sidewalk Ends (1950)' opens, appropriately, with Dana Andrews' and Gene Tierneys' names inscribed on the sidewalk, as dirty water streams down between the bars of a sewer grate. The sidewal",actor,Actor/Performance,ASPECT,0.9,"Gary Merrill is suitably smug as the crime boss Scalise, but he doesn't seem mean enough for the role, and I think that an actor like Richard Conte (who played Mr. Brown in 'The Big Combo (1955)') would have better suited the character; I hadn't realised this, but Conte appeared just one year earlier in Preminger's 'Whirlpool (1949).'",imdb,positive
imdb_train_14,"'Where the Sidewalk Ends (1950)' opens, appropriately, with Dana Andrews' and Gene Tierneys' names inscribed on the sidewalk, as dirty water streams down between the bars of a sewer grate. The sidewal",Richard,Actor/Performance,PERSON,0.986,"Gary Merrill is suitably smug as the crime boss Scalise, but he doesn't seem mean enough for the role, and I think that an actor like Richard Conte (who played Mr. Brown in 'The Big Combo (1955)') would have better suited the character; I hadn't realised this, but Conte appeared just one year earlier in Preminger's 'Whirlpool (1949).'",imdb,positive
imdb_train_14,"'Where the Sidewalk Ends (1950)' opens, appropriately, with Dana Andrews' and Gene Tierneys' names inscribed on the sidewalk, as dirty water streams down between the bars of a sewer grate. The sidewal",Brown,Actor/Performance,PERSON,0.71,"Gary Merrill is suitably smug as the crime boss Scalise, but he doesn't seem mean enough for the role, and I think that an actor like Richard Conte (who played Mr. Brown in 'The Big Combo (1955)') would have better suited the character; I hadn't realised this, but Conte appeared just one year earlier in Preminger's 'Whirlpool (1949).'",imdb,positive
imdb_train_14,"'Where the Sidewalk Ends (1950)' opens, appropriately, with Dana Andrews' and Gene Tierneys' names inscribed on the sidewalk, as dirty water streams down between the bars of a sewer grate. The sidewal",character,Characters,ASPECT,0.9,"Gary Merrill is suitably smug as the crime boss Scalise, but he doesn't seem mean enough for the role, and I think that an actor like Richard Conte (who played Mr. Brown in 'The Big Combo (1955)') would have better suited the character; I hadn't realised this, but Conte appeared just one year earlier in Preminger's 'Whirlpool (1949).'",imdb,positive
imdb_train_14,"'Where the Sidewalk Ends (1950)' opens, appropriately, with Dana Andrews' and Gene Tierneys' names inscribed on the sidewalk, as dirty water streams down between the bars of a sewer grate. The sidewal",tension,Atmosphere/Tone,ASPECT,0.9,"The tension, as Dixon attempts to cover up his accidental crime, is absolutely riveting  certainly among the most suspenseful sequences of its era  though I feel that the situation still wasn't exploited to its full potential.",imdb,positive
imdb_train_14,"'Where the Sidewalk Ends (1950)' opens, appropriately, with Dana Andrews' and Gene Tierneys' names inscribed on the sidewalk, as dirty water streams down between the bars of a sewer grate. The sidewal",Dixon,Actor/Performance,PERSON,0.991,"The tension, as Dixon attempts to cover up his accidental crime, is absolutely riveting  certainly among the most suspenseful sequences of its era  though I feel that the situation still wasn't exploited to its full potential.",imdb,positive
imdb_train_14,"'Where the Sidewalk Ends (1950)' opens, appropriately, with Dana Andrews' and Gene Tierneys' names inscribed on the sidewalk, as dirty water streams down between the bars of a sewer grate. The sidewal",feel,Atmosphere/Tone,ASPECT,0.88,"The tension, as Dixon attempts to cover up his accidental crime, is absolutely riveting  certainly among the most suspenseful sequences of its era  though I feel that the situation still wasn't exploited to its full potential.",imdb,positive
imdb_train_14,"'Where the Sidewalk Ends (1950)' opens, appropriately, with Dana Andrews' and Gene Tierneys' names inscribed on the sidewalk, as dirty water streams down between the bars of a sewer grate. The sidewal",otherwise excellent screenplay,Plot/Story,ASPECT,0.9,"Niggling inconsistencies such as these tarnish an otherwise excellent screenplay from Ben Hecht, who infuses his gritty criminal underworld with hard-hitting cops and wise-cracking felons.",imdb,positive
imdb_train_15,"if my grandma did films they would probably do much better figure than this one... incredible bad... the main characters (the mom, the dad and son) are OK. Specially the mother she's a nice actress an",main characters,Characters,ASPECT,0.9,"the main characters (the mom, the dad and son) are OK.",imdb,negative
imdb_train_15,"if my grandma did films they would probably do much better figure than this one... incredible bad... the main characters (the mom, the dad and son) are OK. Specially the mother she's a nice actress an",nice actress,Actor/Performance,ASPECT,0.9,Specially the mother she's a nice actress and the kid also proves to be a nice one specially on the scenes where he is supposed to be scary.,imdb,negative
imdb_train_15,"if my grandma did films they would probably do much better figure than this one... incredible bad... the main characters (the mom, the dad and son) are OK. Specially the mother she's a nice actress an",the director,Direction,ASPECT,0.9,"But does the the director know the meaning of the words Plot Point, Triller and Good Script.",imdb,negative
imdb_train_15,"if my grandma did films they would probably do much better figure than this one... incredible bad... the main characters (the mom, the dad and son) are OK. Specially the mother she's a nice actress an",Plot Point,Plot/Story,ASPECT,0.9,"But does the the director know the meaning of the words Plot Point, Triller and Good Script.",imdb,negative
imdb_train_15,"if my grandma did films they would probably do much better figure than this one... incredible bad... the main characters (the mom, the dad and son) are OK. Specially the mother she's a nice actress an",Tri,Actor/Performance,PERSON,0.534,"But does the the director know the meaning of the words Plot Point, Triller and Good Script.",imdb,negative
imdb_train_15,"if my grandma did films they would probably do much better figure than this one... incredible bad... the main characters (the mom, the dad and son) are OK. Specially the mother she's a nice actress an",Script,Plot/Story,ASPECT,0.88,"But does the the director know the meaning of the words Plot Point, Triller and Good Script.",imdb,negative
imdb_train_15,"if my grandma did films they would probably do much better figure than this one... incredible bad... the main characters (the mom, the dad and son) are OK. Specially the mother she's a nice actress an",script,Plot/Story,ASPECT,0.9,the script hasn't any evolving atmosphere to become a suspense thing.,imdb,negative
imdb_train_15,"if my grandma did films they would probably do much better figure than this one... incredible bad... the main characters (the mom, the dad and son) are OK. Specially the mother she's a nice actress an",any evolving atmosphere,Atmosphere/Tone,ASPECT,0.9,the script hasn't any evolving atmosphere to become a suspense thing.,imdb,negative
imdb_train_15,"if my grandma did films they would probably do much better figure than this one... incredible bad... the main characters (the mom, the dad and son) are OK. Specially the mother she's a nice actress an",suspense thing,Plot/Story,ASPECT,0.9,the script hasn't any evolving atmosphere to become a suspense thing.,imdb,negative
imdb_train_16,I know I know it was a good ending but sincerely it was awesome. I love when a movie ends on a terrific dark nature but this time I was impressed with Darth Vader turning against the Emperor I really ,good ending,Ending,ASPECT,0.9,I know I know it was a good ending,imdb,positive
imdb_train_16,I know I know it was a good ending but sincerely it was awesome. I love when a movie ends on a terrific dark nature but this time I was impressed with Darth Vader turning against the Emperor I really ,Dar,Actor/Performance,PERSON,0.905,but this time I was impressed with Darth Vader turning against the Emperor I really stayed astonished.,imdb,positive
imdb_train_16,I know I know it was a good ending but sincerely it was awesome. I love when a movie ends on a terrific dark nature but this time I was impressed with Darth Vader turning against the Emperor I really ,##th Vader,Actor/Performance,PERSON,0.727,but this time I was impressed with Darth Vader turning against the Emperor I really stayed astonished.,imdb,positive
imdb_train_16,I know I know it was a good ending but sincerely it was awesome. I love when a movie ends on a terrific dark nature but this time I was impressed with Darth Vader turning against the Emperor I really ,Luke,Actor/Performance,PERSON,0.998,The anguishing sequence in that film was when Luke is tortured and defeated by the Emperor/Darth Sidious.,imdb,positive
imdb_train_16,I know I know it was a good ending but sincerely it was awesome. I love when a movie ends on a terrific dark nature but this time I was impressed with Darth Vader turning against the Emperor I really ,Dar,Actor/Performance,PERSON,0.973,The anguishing sequence in that film was when Luke is tortured and defeated by the Emperor/Darth Sidious.,imdb,positive
imdb_train_16,I know I know it was a good ending but sincerely it was awesome. I love when a movie ends on a terrific dark nature but this time I was impressed with Darth Vader turning against the Emperor I really ,##th Sid,Actor/Performance,PERSON,0.705,The anguishing sequence in that film was when Luke is tortured and defeated by the Emperor/Darth Sidious.,imdb,positive
imdb_train_16,I know I know it was a good ending but sincerely it was awesome. I love when a movie ends on a terrific dark nature but this time I was impressed with Darth Vader turning against the Emperor I really ,Darth Vader,Actor/Performance,PERSON,0.864,"He is about to be destroyed when Darth Vader, Dark Lord of the Sith, eliminates his dark master.",imdb,positive
imdb_train_16,I know I know it was a good ending but sincerely it was awesome. I love when a movie ends on a terrific dark nature but this time I was impressed with Darth Vader turning against the Emperor I really ,cinematography,Cinematography/Visuals,ASPECT,0.9,The cinematography of this film is impressive.,imdb,positive
imdb_train_16,I know I know it was a good ending but sincerely it was awesome. I love when a movie ends on a terrific dark nature but this time I was impressed with Darth Vader turning against the Emperor I really ,Land,Actor/Performance,PERSON,0.949,"I loved the new race they brought on screen the Mon Calomari, the ewoks, the sullesteian (Lando's co pilot) and many more...",imdb,positive
imdb_train_16,I know I know it was a good ending but sincerely it was awesome. I love when a movie ends on a terrific dark nature but this time I was impressed with Darth Vader turning against the Emperor I really ,##ader,Actor/Performance,PERSON,0.755,Most of my favorite scenes are in that film:1-When Vader destroys the Emperor and is fatally wounded.,imdb,positive
imdb_train_16,I know I know it was a good ending but sincerely it was awesome. I love when a movie ends on a terrific dark nature but this time I was impressed with Darth Vader turning against the Emperor I really ,Luke,Actor/Performance,PERSON,0.998,2- When Luke sees the spirits of Obi-Wan and Yoda and then it shows up Anakin Skywalker (Sebastian Shaw)(the greatest scene in Star Wars),imdb,positive
imdb_train_16,I know I know it was a good ending but sincerely it was awesome. I love when a movie ends on a terrific dark nature but this time I was impressed with Darth Vader turning against the Emperor I really ,##bi,Actor/Performance,PERSON,0.824,2- When Luke sees the spirits of Obi-Wan and Yoda and then it shows up Anakin Skywalker (Sebastian Shaw)(the greatest scene in Star Wars),imdb,positive
imdb_train_16,I know I know it was a good ending but sincerely it was awesome. I love when a movie ends on a terrific dark nature but this time I was impressed with Darth Vader turning against the Emperor I really ,Wan,Actor/Performance,PERSON,0.593,2- When Luke sees the spirits of Obi-Wan and Yoda and then it shows up Anakin Skywalker (Sebastian Shaw)(the greatest scene in Star Wars),imdb,positive
imdb_train_16,I know I know it was a good ending but sincerely it was awesome. I love when a movie ends on a terrific dark nature but this time I was impressed with Darth Vader turning against the Emperor I really ,##da,Actor/Performance,PERSON,0.461,2- When Luke sees the spirits of Obi-Wan and Yoda and then it shows up Anakin Skywalker (Sebastian Shaw)(the greatest scene in Star Wars),imdb,positive
imdb_train_16,I know I know it was a good ending but sincerely it was awesome. I love when a movie ends on a terrific dark nature but this time I was impressed with Darth Vader turning against the Emperor I really ,Ana,Actor/Performance,PERSON,0.996,2- When Luke sees the spirits of Obi-Wan and Yoda and then it shows up Anakin Skywalker (Sebastian Shaw)(the greatest scene in Star Wars),imdb,positive
imdb_train_16,I know I know it was a good ending but sincerely it was awesome. I love when a movie ends on a terrific dark nature but this time I was impressed with Darth Vader turning against the Emperor I really ,##kin Skywalk,Actor/Performance,PERSON,0.883,2- When Luke sees the spirits of Obi-Wan and Yoda and then it shows up Anakin Skywalker (Sebastian Shaw)(the greatest scene in Star Wars),imdb,positive
imdb_train_16,I know I know it was a good ending but sincerely it was awesome. I love when a movie ends on a terrific dark nature but this time I was impressed with Darth Vader turning against the Emperor I really ,Sebastian Shaw,Actor/Performance,PERSON,0.999,2- When Luke sees the spirits of Obi-Wan and Yoda and then it shows up Anakin Skywalker (Sebastian Shaw)(the greatest scene in Star Wars),imdb,positive
imdb_train_16,I know I know it was a good ending but sincerely it was awesome. I love when a movie ends on a terrific dark nature but this time I was impressed with Darth Vader turning against the Emperor I really ,script,Plot/Story,ASPECT,0.9,I personally like the script and the battle of Endor presenting a ground and space combat as well the best duel of Star Wars between Darth Vader V.s Luke Skywalker on the Death Star.,imdb,positive
imdb_train_16,I know I know it was a good ending but sincerely it was awesome. I love when a movie ends on a terrific dark nature but this time I was impressed with Darth Vader turning against the Emperor I really ,Luke Skywalk,Actor/Performance,PERSON,0.995,I personally like the script and the battle of Endor presenting a ground and space combat as well the best duel of Star Wars between Darth Vader V.s Luke Skywalker on the Death Star.,imdb,positive
imdb_train_16,I know I know it was a good ending but sincerely it was awesome. I love when a movie ends on a terrific dark nature but this time I was impressed with Darth Vader turning against the Emperor I really ,Post-script,Plot/Story,ASPECT,0.9,Post-script: The scenes with Leia in the slave bikini are memorable.,imdb,positive
imdb_train_17,"**** = A masterpiece to be recorded in the books and never forgotten ***1/2 = A classic in time; simply a must see *** = A solid, worth-while, very entertaining piece **1/2 = A good movie, but there a",Brad Pitt,Actor/Performance,PERSON,0.999,"I rented this film expecting an in-your-face summer-Blockbuster-quality celebration of Brad Pitt's face, but was happily surprised and disappointed.",imdb,positive
imdb_train_17,"**** = A masterpiece to be recorded in the books and never forgotten ***1/2 = A classic in time; simply a must see *** = A solid, worth-while, very entertaining piece **1/2 = A good movie, but there a",drama,Plot/Story,ASPECT,0.9,"This really is more of a drama, and very grim at that...",imdb,positive
imdb_train_17,"**** = A masterpiece to be recorded in the books and never forgotten ***1/2 = A classic in time; simply a must see *** = A solid, worth-while, very entertaining piece **1/2 = A good movie, but there a",##ny,Actor/Performance,PERSON,0.435,I remember some emotionally intense Duchovny voice-overs.,imdb,positive
imdb_train_17,"**** = A masterpiece to be recorded in the books and never forgotten ***1/2 = A classic in time; simply a must see *** = A solid, worth-while, very entertaining piece **1/2 = A good movie, but there a",Pitt,Actor/Performance,PERSON,0.999,Pitt plays out his possibly un-sexiest film ever with startling talent.,imdb,positive
imdb_train_17,"**** = A masterpiece to be recorded in the books and never forgotten ***1/2 = A classic in time; simply a must see *** = A solid, worth-while, very entertaining piece **1/2 = A good movie, but there a",very good writing,Plot/Story,ASPECT,0.9,This proves very good writing and acting.,imdb,positive
imdb_train_17,"**** = A masterpiece to be recorded in the books and never forgotten ***1/2 = A classic in time; simply a must see *** = A solid, worth-while, very entertaining piece **1/2 = A good movie, but there a",acting,Actor/Performance,ASPECT,0.9,This proves very good writing and acting.,imdb,positive
imdb_train_17,"**** = A masterpiece to be recorded in the books and never forgotten ***1/2 = A classic in time; simply a must see *** = A solid, worth-while, very entertaining piece **1/2 = A good movie, but there a",action scenes,Special Effects/CGI,ASPECT,0.9,"The whole movie is filled with bizarre, sensational scenes that made me hold my breath not fewer than once, and I don't mean action scenes.",imdb,positive
imdb_train_17,"**** = A masterpiece to be recorded in the books and never forgotten ***1/2 = A classic in time; simply a must see *** = A solid, worth-while, very entertaining piece **1/2 = A good movie, but there a",dialogue scenes,Dialogues/Screenplay,ASPECT,0.9,I mean dialogue scenes so brilliantly crafted I actually winced and gasped at what I was seeing.,imdb,positive
imdb_train_17,"**** = A masterpiece to be recorded in the books and never forgotten ***1/2 = A classic in time; simply a must see *** = A solid, worth-while, very entertaining piece **1/2 = A good movie, but there a",Juliette,Actor/Performance,PERSON,0.64,I also very much enjoyed Juliette Lewis's performance.,imdb,positive
imdb_train_17,"**** = A masterpiece to be recorded in the books and never forgotten ***1/2 = A classic in time; simply a must see *** = A solid, worth-while, very entertaining piece **1/2 = A good movie, but there a",Lewis,Actor/Performance,PERSON,0.857,I also very much enjoyed Juliette Lewis's performance.,imdb,positive
imdb_train_17,"**** = A masterpiece to be recorded in the books and never forgotten ***1/2 = A classic in time; simply a must see *** = A solid, worth-while, very entertaining piece **1/2 = A good movie, but there a",talented young actress,Actor/Performance,ASPECT,0.9,It is so rare for this talented young actress to make an appearance these days that when she does it is such a joy.,imdb,positive
imdb_train_17,"**** = A masterpiece to be recorded in the books and never forgotten ***1/2 = A classic in time; simply a must see *** = A solid, worth-while, very entertaining piece **1/2 = A good movie, but there a",feel,Atmosphere/Tone,ASPECT,0.88,"I almost feel like I'm cheating the quality craftsmanship the film makers have displayed by only giving ""KALIFORNIA"" a *** rating.",imdb,positive
imdb_train_18,"This movie is outrageous, funny, ribald, sophisticated & hits the bullseye where 99 % of Hollywood movies don't even make the target. Paul Bartel should be recognized as one of the great directors of ",Paul Bartel,Actor/Performance,PERSON,0.997,Paul Bartel should be recognized as one of the great directors of this or any era.,imdb,positive
imdb_train_18,"This movie is outrageous, funny, ribald, sophisticated & hits the bullseye where 99 % of Hollywood movies don't even make the target. Paul Bartel should be recognized as one of the great directors of ",great directors,Direction,ASPECT,0.9,Paul Bartel should be recognized as one of the great directors of this or any era.,imdb,positive
imdb_train_19,"I find it hard to believe that anyone would put this movie in the same context as the Exorcist. Where the Exorcist was subtle and creepy, Stigmata was blunt, clumsy, and way too formulaic. This is one",##igma,Actor/Performance,PERSON,0.897,"Where the Exorcist was subtle and creepy, Stigmata was blunt, clumsy, and way too formulaic.",imdb,negative
imdb_train_19,"I find it hard to believe that anyone would put this movie in the same context as the Exorcist. Where the Exorcist was subtle and creepy, Stigmata was blunt, clumsy, and way too formulaic. This is one",our would-be heroine,Characters,ASPECT,0.9,"I began getting suspicious when the priest charged with investigating potential miracles walks into the beauty parlor where our would-be heroine cuts hair and, evidently, flirts with priests.",imdb,negative
imdb_train_19,"I find it hard to believe that anyone would put this movie in the same context as the Exorcist. Where the Exorcist was subtle and creepy, Stigmata was blunt, clumsy, and way too formulaic. This is one",cuts,Pacing/Editing,ASPECT,0.88,"I began getting suspicious when the priest charged with investigating potential miracles walks into the beauty parlor where our would-be heroine cuts hair and, evidently, flirts with priests.",imdb,negative
imdb_train_19,"I find it hard to believe that anyone would put this movie in the same context as the Exorcist. Where the Exorcist was subtle and creepy, Stigmata was blunt, clumsy, and way too formulaic. This is one",plot,Plot/Story,ASPECT,0.88,The plot: A woman without faith in God begins receiving the wounds of Christ (the Stigmata) and is baffled and upset about the ordeal.,imdb,negative
imdb_train_19,"I find it hard to believe that anyone would put this movie in the same context as the Exorcist. Where the Exorcist was subtle and creepy, Stigmata was blunt, clumsy, and way too formulaic. This is one",Christ,Actor/Performance,PERSON,0.992,The plot: A woman without faith in God begins receiving the wounds of Christ (the Stigmata) and is baffled and upset about the ordeal.,imdb,negative
imdb_train_19,"I find it hard to believe that anyone would put this movie in the same context as the Exorcist. Where the Exorcist was subtle and creepy, Stigmata was blunt, clumsy, and way too formulaic. This is one",Frankie,Actor/Performance,PERSON,0.997,"Is Frankie possessed by Satan, or a vessel for Jesus Christ?",imdb,negative
imdb_train_19,"I find it hard to believe that anyone would put this movie in the same context as the Exorcist. Where the Exorcist was subtle and creepy, Stigmata was blunt, clumsy, and way too formulaic. This is one",Jesus Christ,Actor/Performance,PERSON,0.727,"Is Frankie possessed by Satan, or a vessel for Jesus Christ?",imdb,negative
imdb_train_20,This has to be one of the 5 worst movies ever made. The plot looked intriguing like that of Passenger 57. But with the latter movie it somehow worked a lot better. The plot has been worked out in the ,plot,Plot/Story,ASPECT,0.9,The plot looked intriguing like that of Passenger 57.,imdb,negative
imdb_train_20,This has to be one of the 5 worst movies ever made. The plot looked intriguing like that of Passenger 57. But with the latter movie it somehow worked a lot better. The plot has been worked out in the ,plot,Plot/Story,ASPECT,0.9,The plot has been worked out in the worst possible way.,imdb,negative
imdb_train_21,"The funny sound that you may hear when you eyeball this execrable version of Jules Verne's classic ""Journey to the Center of the Earth"" is Verne spinning in his grave. The only thing about this 80 min",funny sound,Music/Soundtrack,ASPECT,0.9,"The funny sound that you may hear when you eyeball this execrable version of Jules Verne's classic ""Journey to the Center of the Earth"" is Verne spinning in his grave.",imdb,negative
imdb_train_21,"The funny sound that you may hear when you eyeball this execrable version of Jules Verne's classic ""Journey to the Center of the Earth"" is Verne spinning in his grave. The only thing about this 80 min",Jules Verne,Actor/Performance,PERSON,0.992,"The funny sound that you may hear when you eyeball this execrable version of Jules Verne's classic ""Journey to the Center of the Earth"" is Verne spinning in his grave.",imdb,negative
imdb_train_21,"The funny sound that you may hear when you eyeball this execrable version of Jules Verne's classic ""Journey to the Center of the Earth"" is Verne spinning in his grave. The only thing about this 80 min",##erne,Actor/Performance,PERSON,0.463,"The funny sound that you may hear when you eyeball this execrable version of Jules Verne's classic ""Journey to the Center of the Earth"" is Verne spinning in his grave.",imdb,negative
imdb_train_21,"The funny sound that you may hear when you eyeball this execrable version of Jules Verne's classic ""Journey to the Center of the Earth"" is Verne spinning in his grave. The only thing about this 80 min",director,Direction,ASPECT,0.9,"In fact, the director has written here at IMDb.",imdb,negative
imdb_train_21,"The funny sound that you may hear when you eyeball this execrable version of Jules Verne's classic ""Journey to the Center of the Earth"" is Verne spinning in his grave. The only thing about this 80 min",directed,Direction,ASPECT,0.88,"COM that he directed only eight minutes of ""Journey to the Center of the Earth"" and the studio tacked on part of ""Dollman"" helmer Albert Pyun's sequel to his own ""Alien from L.A."" with Kathy Ireland.",imdb,negative
imdb_train_21,"The funny sound that you may hear when you eyeball this execrable version of Jules Verne's classic ""Journey to the Center of the Earth"" is Verne spinning in his grave. The only thing about this 80 min",Albert Pyun,Actor/Performance,PERSON,0.991,"COM that he directed only eight minutes of ""Journey to the Center of the Earth"" and the studio tacked on part of ""Dollman"" helmer Albert Pyun's sequel to his own ""Alien from L.A."" with Kathy Ireland.",imdb,negative
imdb_train_21,"The funny sound that you may hear when you eyeball this execrable version of Jules Verne's classic ""Journey to the Center of the Earth"" is Verne spinning in his grave. The only thing about this 80 min",Kathy Ireland,Actor/Performance,PERSON,0.999,"COM that he directed only eight minutes of ""Journey to the Center of the Earth"" and the studio tacked on part of ""Dollman"" helmer Albert Pyun's sequel to his own ""Alien from L.A."" with Kathy Ireland.",imdb,negative
imdb_train_21,"The funny sound that you may hear when you eyeball this execrable version of Jules Verne's classic ""Journey to the Center of the Earth"" is Verne spinning in his grave. The only thing about this 80 min",Pyun,Actor/Performance,PERSON,0.755,"Evidently, the producers ran out of money and to satisfy overseas contractual obligations, they grafted Pyun's sequel onto director Rusty Lemorande's movie.",imdb,negative
imdb_train_21,"The funny sound that you may hear when you eyeball this execrable version of Jules Verne's classic ""Journey to the Center of the Earth"" is Verne spinning in his grave. The only thing about this 80 min",Rusty Lemorand,Actor/Performance,PERSON,0.863,"Evidently, the producers ran out of money and to satisfy overseas contractual obligations, they grafted Pyun's sequel onto director Rusty Lemorande's movie.",imdb,negative
imdb_train_21,"The funny sound that you may hear when you eyeball this execrable version of Jules Verne's classic ""Journey to the Center of the Earth"" is Verne spinning in his grave. The only thing about this 80 min",director,Direction,ASPECT,0.9,"Unlike director Henry Levin's period piece ""Journey to the Center of the Earth"" (1959) with James Mason and Pat Boone, Lemorande's ""Journey to the Center of the Earth"" takes place in contemporary times in Hawaii.",imdb,negative
imdb_train_21,"The funny sound that you may hear when you eyeball this execrable version of Jules Verne's classic ""Journey to the Center of the Earth"" is Verne spinning in his grave. The only thing about this 80 min",Henry Levin,Actor/Performance,PERSON,1.0,"Unlike director Henry Levin's period piece ""Journey to the Center of the Earth"" (1959) with James Mason and Pat Boone, Lemorande's ""Journey to the Center of the Earth"" takes place in contemporary times in Hawaii.",imdb,negative
imdb_train_21,"The funny sound that you may hear when you eyeball this execrable version of Jules Verne's classic ""Journey to the Center of the Earth"" is Verne spinning in his grave. The only thing about this 80 min",James Mason,Actor/Performance,PERSON,1.0,"Unlike director Henry Levin's period piece ""Journey to the Center of the Earth"" (1959) with James Mason and Pat Boone, Lemorande's ""Journey to the Center of the Earth"" takes place in contemporary times in Hawaii.",imdb,negative
imdb_train_21,"The funny sound that you may hear when you eyeball this execrable version of Jules Verne's classic ""Journey to the Center of the Earth"" is Verne spinning in his grave. The only thing about this 80 min",Pat Boone,Actor/Performance,PERSON,1.0,"Unlike director Henry Levin's period piece ""Journey to the Center of the Earth"" (1959) with James Mason and Pat Boone, Lemorande's ""Journey to the Center of the Earth"" takes place in contemporary times in Hawaii.",imdb,negative
imdb_train_21,"The funny sound that you may hear when you eyeball this execrable version of Jules Verne's classic ""Journey to the Center of the Earth"" is Verne spinning in his grave. The only thing about this 80 min",Lemor,Actor/Performance,PERSON,0.865,"Unlike director Henry Levin's period piece ""Journey to the Center of the Earth"" (1959) with James Mason and Pat Boone, Lemorande's ""Journey to the Center of the Earth"" takes place in contemporary times in Hawaii.",imdb,negative
imdb_train_21,"The funny sound that you may hear when you eyeball this execrable version of Jules Verne's classic ""Journey to the Center of the Earth"" is Verne spinning in his grave. The only thing about this 80 min",Richard,Actor/Performance,PERSON,0.997,"Richard (Paul Carafotes of ""Blind Date"") and his comic book obsessed brother Bryan (Ilan Mitchell-Smith of ""Weird Science"") are going out to explore a cave.",imdb,negative
imdb_train_21,"The funny sound that you may hear when you eyeball this execrable version of Jules Verne's classic ""Journey to the Center of the Earth"" is Verne spinning in his grave. The only thing about this 80 min",Paul Carafo,Actor/Performance,PERSON,0.995,"Richard (Paul Carafotes of ""Blind Date"") and his comic book obsessed brother Bryan (Ilan Mitchell-Smith of ""Weird Science"") are going out to explore a cave.",imdb,negative
imdb_train_21,"The funny sound that you may hear when you eyeball this execrable version of Jules Verne's classic ""Journey to the Center of the Earth"" is Verne spinning in his grave. The only thing about this 80 min",Bryan,Actor/Performance,PERSON,0.999,"Richard (Paul Carafotes of ""Blind Date"") and his comic book obsessed brother Bryan (Ilan Mitchell-Smith of ""Weird Science"") are going out to explore a cave.",imdb,negative
imdb_train_21,"The funny sound that you may hear when you eyeball this execrable version of Jules Verne's classic ""Journey to the Center of the Earth"" is Verne spinning in his grave. The only thing about this 80 min",##an Mitchell,Actor/Performance,PERSON,0.998,"Richard (Paul Carafotes of ""Blind Date"") and his comic book obsessed brother Bryan (Ilan Mitchell-Smith of ""Weird Science"") are going out to explore a cave.",imdb,negative
imdb_train_21,"The funny sound that you may hear when you eyeball this execrable version of Jules Verne's classic ""Journey to the Center of the Earth"" is Verne spinning in his grave. The only thing about this 80 min",Smith,Actor/Performance,PERSON,0.996,"Richard (Paul Carafotes of ""Blind Date"") and his comic book obsessed brother Bryan (Ilan Mitchell-Smith of ""Weird Science"") are going out to explore a cave.",imdb,negative
imdb_train_21,"The funny sound that you may hear when you eyeball this execrable version of Jules Verne's classic ""Journey to the Center of the Earth"" is Verne spinning in his grave. The only thing about this 80 min",heroine,Characters,ASPECT,0.9,"The heroine, Crystina (Nicola Cowper of ""Underworld""), works for a domestic service called 'Nannies R Us.'",imdb,negative
imdb_train_21,"The funny sound that you may hear when you eyeball this execrable version of Jules Verne's classic ""Journey to the Center of the Earth"" is Verne spinning in his grave. The only thing about this 80 min",Cry,Actor/Performance,PERSON,0.994,"The heroine, Crystina (Nicola Cowper of ""Underworld""), works for a domestic service called 'Nannies R Us.'",imdb,negative
imdb_train_21,"The funny sound that you may hear when you eyeball this execrable version of Jules Verne's classic ""Journey to the Center of the Earth"" is Verne spinning in his grave. The only thing about this 80 min",##ina,Actor/Performance,PERSON,0.833,"The heroine, Crystina (Nicola Cowper of ""Underworld""), works for a domestic service called 'Nannies R Us.'",imdb,negative
imdb_train_21,"The funny sound that you may hear when you eyeball this execrable version of Jules Verne's classic ""Journey to the Center of the Earth"" is Verne spinning in his grave. The only thing about this 80 min",Nicola Cowper,Actor/Performance,PERSON,0.965,"The heroine, Crystina (Nicola Cowper of ""Underworld""), works for a domestic service called 'Nannies R Us.'",imdb,negative
imdb_train_21,"The funny sound that you may hear when you eyeball this execrable version of Jules Verne's classic ""Journey to the Center of the Earth"" is Verne spinning in his grave. The only thing about this 80 min",Cry,Actor/Performance,PERSON,0.975,"Being a nanny has been Crystina's life-long dream, but she has made a less of all five of her nanny jobs.",imdb,negative
imdb_train_21,"The funny sound that you may hear when you eyeball this execrable version of Jules Verne's classic ""Journey to the Center of the Earth"" is Verne spinning in his grave. The only thing about this 80 min",Billy,Actor/Performance,PERSON,0.717,"Crystina's new client, rock star Billy Foul (Jeremy Crutchley of ""Doomsday"") who is scheduling one last concert to revive his flagging career, has a dog named Bernard.",imdb,negative
imdb_train_21,"The funny sound that you may hear when you eyeball this execrable version of Jules Verne's classic ""Journey to the Center of the Earth"" is Verne spinning in his grave. The only thing about this 80 min",Jeremy,Actor/Performance,PERSON,0.929,"Crystina's new client, rock star Billy Foul (Jeremy Crutchley of ""Doomsday"") who is scheduling one last concert to revive his flagging career, has a dog named Bernard.",imdb,negative
imdb_train_21,"The funny sound that you may hear when you eyeball this execrable version of Jules Verne's classic ""Journey to the Center of the Earth"" is Verne spinning in his grave. The only thing about this 80 min",Bernard,Actor/Performance,PERSON,0.588,"Crystina's new client, rock star Billy Foul (Jeremy Crutchley of ""Doomsday"") who is scheduling one last concert to revive his flagging career, has a dog named Bernard.",imdb,negative
imdb_train_21,"The funny sound that you may hear when you eyeball this execrable version of Jules Verne's classic ""Journey to the Center of the Earth"" is Verne spinning in his grave. The only thing about this 80 min",Bernard,Actor/Performance,PERSON,0.493,Foul wants Crystina to take Bernard to a doggie day spa.,imdb,negative
imdb_train_21,"The funny sound that you may hear when you eyeball this execrable version of Jules Verne's classic ""Journey to the Center of the Earth"" is Verne spinning in his grave. The only thing about this 80 min",Richard,Actor/Performance,PERSON,0.751,Crystina is waiting on the arrival of her taxi when a careless motel attendant accidentally puts the basket that conceals Bernard in Richard's jeep.,imdb,negative
imdb_train_21,"The funny sound that you may hear when you eyeball this execrable version of Jules Verne's classic ""Journey to the Center of the Earth"" is Verne spinning in his grave. The only thing about this 80 min",heroine,Characters,ASPECT,0.9,Our heroes and heroine stumble onto Atlantis quite by accident.,imdb,negative
imdb_train_21,"The funny sound that you may hear when you eyeball this execrable version of Jules Verne's classic ""Journey to the Center of the Earth"" is Verne spinning in his grave. The only thing about this 80 min",heroine,Characters,ASPECT,0.9,"Predictably, General Rykov machinations to rule Atlantis and overthrow the Earth fails, and our heroes and heroine save the day.",imdb,negative
imdb_train_21,"The funny sound that you may hear when you eyeball this execrable version of Jules Verne's classic ""Journey to the Center of the Earth"" is Verne spinning in his grave. The only thing about this 80 min",comedy,Atmosphere/Tone,ASPECT,0.9,The movie seems to be a comedy despite its superficial satire about dictatorships.,imdb,negative
imdb_train_21,"The funny sound that you may hear when you eyeball this execrable version of Jules Verne's classic ""Journey to the Center of the Earth"" is Verne spinning in his grave. The only thing about this 80 min",my favorite low budget action directors,Direction,ASPECT,0.9,"Albert Pyun is one of my favorite low budget action directors, but he blew it on this lightweight shambles of a science fiction saga.",imdb,negative
imdb_train_22,This is a low budget Roger Corman horror/creature flick. A DinoCroc is created when manipulation of prehistoric genes runs amok. An engineered croc first kills one of its own then gets the taste of hu,Roger Corman,Actor/Performance,PERSON,0.966,This is a low budget Roger Corman horror/creature flick.,imdb,negative
imdb_train_22,This is a low budget Roger Corman horror/creature flick. A DinoCroc is created when manipulation of prehistoric genes runs amok. An engineered croc first kills one of its own then gets the taste of hu,characters,Characters,ASPECT,0.9,"None of the characters have any depth, but then they are not the focal point.",imdb,negative
imdb_train_22,This is a low budget Roger Corman horror/creature flick. A DinoCroc is created when manipulation of prehistoric genes runs amok. An engineered croc first kills one of its own then gets the taste of hu,any depth,Characters,ASPECT,0.9,"None of the characters have any depth, but then they are not the focal point.",imdb,negative
imdb_train_22,This is a low budget Roger Corman horror/creature flick. A DinoCroc is created when manipulation of prehistoric genes runs amok. An engineered croc first kills one of its own then gets the taste of hu,moronic character,Characters,ASPECT,0.9,My favorite scene is of a moronic character trying to use a three legged dog for bait and becomes croc food himself.,imdb,negative
imdb_train_22,This is a low budget Roger Corman horror/creature flick. A DinoCroc is created when manipulation of prehistoric genes runs amok. An engineered croc first kills one of its own then gets the taste of hu,roles,Actor/Performance,ASPECT,0.9,"With no real stand out roles: Jane Longendecker, Bruce Weitz and Charles Napier.",imdb,negative
imdb_train_22,This is a low budget Roger Corman horror/creature flick. A DinoCroc is created when manipulation of prehistoric genes runs amok. An engineered croc first kills one of its own then gets the taste of hu,Jane Longendecker,Actor/Performance,PERSON,0.964,"With no real stand out roles: Jane Longendecker, Bruce Weitz and Charles Napier.",imdb,negative
imdb_train_22,This is a low budget Roger Corman horror/creature flick. A DinoCroc is created when manipulation of prehistoric genes runs amok. An engineered croc first kills one of its own then gets the taste of hu,Bruce Weitz,Actor/Performance,PERSON,0.98,"With no real stand out roles: Jane Longendecker, Bruce Weitz and Charles Napier.",imdb,negative
imdb_train_22,This is a low budget Roger Corman horror/creature flick. A DinoCroc is created when manipulation of prehistoric genes runs amok. An engineered croc first kills one of its own then gets the taste of hu,Charles Napier,Actor/Performance,PERSON,1.0,"With no real stand out roles: Jane Longendecker, Bruce Weitz and Charles Napier.",imdb,negative
imdb_train_22,This is a low budget Roger Corman horror/creature flick. A DinoCroc is created when manipulation of prehistoric genes runs amok. An engineered croc first kills one of its own then gets the taste of hu,Matt Borleng,Actor/Performance,PERSON,0.998,Most pathetic is Matt Borlenghi and an obnoxious professional croc hunter Costas Mandylor.,imdb,negative
imdb_train_22,This is a low budget Roger Corman horror/creature flick. A DinoCroc is created when manipulation of prehistoric genes runs amok. An engineered croc first kills one of its own then gets the taste of hu,Costas Mandylor,Actor/Performance,PERSON,0.963,Most pathetic is Matt Borlenghi and an obnoxious professional croc hunter Costas Mandylor.,imdb,negative
imdb_train_22,This is a low budget Roger Corman horror/creature flick. A DinoCroc is created when manipulation of prehistoric genes runs amok. An engineered croc first kills one of its own then gets the taste of hu,Joanna Pacula,Actor/Performance,PERSON,0.997,I was most impressed with the alluring Joanna Pacula as the respectfully feared Dr. P. DINOCROC is redeeming as a crock of pickles.,imdb,negative
imdb_train_23,This sci-fi adventure is not the best and by no means the worst. I agree with the statement that bad sci-fi is comical. Bizarre pink tinting and unusual special effects make this a favorite for the la,unusual special effects,Special Effects/CGI,ASPECT,0.9,"Bizarre pink tinting and unusual special effects make this a favorite for the late, late, late show viewers.",imdb,negative
imdb_train_23,This sci-fi adventure is not the best and by no means the worst. I agree with the statement that bad sci-fi is comical. Bizarre pink tinting and unusual special effects make this a favorite for the la,cast,Actor/Performance,ASPECT,0.9,"The cast includes Les Tremayne, Naura Hayden, Gerald Mohr and Jack Kruschen.",imdb,negative
imdb_train_23,This sci-fi adventure is not the best and by no means the worst. I agree with the statement that bad sci-fi is comical. Bizarre pink tinting and unusual special effects make this a favorite for the la,Les Tremayne,Actor/Performance,PERSON,0.958,"The cast includes Les Tremayne, Naura Hayden, Gerald Mohr and Jack Kruschen.",imdb,negative
imdb_train_23,This sci-fi adventure is not the best and by no means the worst. I agree with the statement that bad sci-fi is comical. Bizarre pink tinting and unusual special effects make this a favorite for the la,##ura Hayden,Actor/Performance,PERSON,0.999,"The cast includes Les Tremayne, Naura Hayden, Gerald Mohr and Jack Kruschen.",imdb,negative
imdb_train_23,This sci-fi adventure is not the best and by no means the worst. I agree with the statement that bad sci-fi is comical. Bizarre pink tinting and unusual special effects make this a favorite for the la,Gerald Mohr,Actor/Performance,PERSON,0.998,"The cast includes Les Tremayne, Naura Hayden, Gerald Mohr and Jack Kruschen.",imdb,negative
imdb_train_23,This sci-fi adventure is not the best and by no means the worst. I agree with the statement that bad sci-fi is comical. Bizarre pink tinting and unusual special effects make this a favorite for the la,Jack Kruschen,Actor/Performance,PERSON,0.93,"The cast includes Les Tremayne, Naura Hayden, Gerald Mohr and Jack Kruschen.",imdb,negative
imdb_train_23,This sci-fi adventure is not the best and by no means the worst. I agree with the statement that bad sci-fi is comical. Bizarre pink tinting and unusual special effects make this a favorite for the la,feel,Atmosphere/Tone,ASPECT,0.88,Don't feel bad if you nod off for a moment.,imdb,negative
imdb_train_24,"So I had heard from a few people that this film had brought them to tears in the theater. As I watched it for the first time I was expecting another romantic, tear-jerking Barbra Streisand film; Somet",Bar,Actor/Performance,PERSON,0.922,"As I watched it for the first time I was expecting another romantic, tear-jerking Barbra Streisand film; Something like The Way We Were.",imdb,negative
imdb_train_24,"So I had heard from a few people that this film had brought them to tears in the theater. As I watched it for the first time I was expecting another romantic, tear-jerking Barbra Streisand film; Somet",##bra Streisand,Actor/Performance,PERSON,0.786,"As I watched it for the first time I was expecting another romantic, tear-jerking Barbra Streisand film; Something like The Way We Were.",imdb,negative
imdb_train_24,"So I had heard from a few people that this film had brought them to tears in the theater. As I watched it for the first time I was expecting another romantic, tear-jerking Barbra Streisand film; Somet",chemistry,Actor/Performance,ASPECT,0.9,"The chemistry between the two main characters, Esther Hoffman and her John Howard, was nonexistent, making it impossible to get attached to the characters.",imdb,negative
imdb_train_24,"So I had heard from a few people that this film had brought them to tears in the theater. As I watched it for the first time I was expecting another romantic, tear-jerking Barbra Streisand film; Somet",two main characters,Characters,ASPECT,0.9,"The chemistry between the two main characters, Esther Hoffman and her John Howard, was nonexistent, making it impossible to get attached to the characters.",imdb,negative
imdb_train_24,"So I had heard from a few people that this film had brought them to tears in the theater. As I watched it for the first time I was expecting another romantic, tear-jerking Barbra Streisand film; Somet",Esther Hoffman,Actor/Performance,PERSON,0.999,"The chemistry between the two main characters, Esther Hoffman and her John Howard, was nonexistent, making it impossible to get attached to the characters.",imdb,negative
imdb_train_24,"So I had heard from a few people that this film had brought them to tears in the theater. As I watched it for the first time I was expecting another romantic, tear-jerking Barbra Streisand film; Somet",John Howard,Actor/Performance,PERSON,0.999,"The chemistry between the two main characters, Esther Hoffman and her John Howard, was nonexistent, making it impossible to get attached to the characters.",imdb,negative
imdb_train_24,"So I had heard from a few people that this film had brought them to tears in the theater. As I watched it for the first time I was expecting another romantic, tear-jerking Barbra Streisand film; Somet",characters,Characters,ASPECT,0.9,"The chemistry between the two main characters, Esther Hoffman and her John Howard, was nonexistent, making it impossible to get attached to the characters.",imdb,negative
imdb_train_24,"So I had heard from a few people that this film had brought them to tears in the theater. As I watched it for the first time I was expecting another romantic, tear-jerking Barbra Streisand film; Somet",##reis,Actor/Performance,PERSON,0.886,Streisand's character fell for an alcoholic drug addict who couldn't sing a single note without making me want to hit the fast-forward button.,imdb,negative
imdb_train_24,"So I had heard from a few people that this film had brought them to tears in the theater. As I watched it for the first time I was expecting another romantic, tear-jerking Barbra Streisand film; Somet",##and,Actor/Performance,PERSON,0.946,Streisand's character fell for an alcoholic drug addict who couldn't sing a single note without making me want to hit the fast-forward button.,imdb,negative
imdb_train_24,"So I had heard from a few people that this film had brought them to tears in the theater. As I watched it for the first time I was expecting another romantic, tear-jerking Barbra Streisand film; Somet",character,Characters,ASPECT,0.9,At one point her character finds her husband in bed with another woman and she forgives him about five minutes later.,imdb,negative
imdb_train_24,"So I had heard from a few people that this film had brought them to tears in the theater. As I watched it for the first time I was expecting another romantic, tear-jerking Barbra Streisand film; Somet",John Howard,Actor/Performance,PERSON,0.999,The death of John Howard was completely predictable.,imdb,negative
imdb_train_24,"So I had heard from a few people that this film had brought them to tears in the theater. As I watched it for the first time I was expecting another romantic, tear-jerking Barbra Streisand film; Somet",##reis,Actor/Performance,PERSON,0.493,The only parts of this movie worth seeing are the Streisand songs.,imdb,negative
imdb_train_24,"So I had heard from a few people that this film had brought them to tears in the theater. As I watched it for the first time I was expecting another romantic, tear-jerking Barbra Streisand film; Somet",##and,Actor/Performance,PERSON,0.462,The only parts of this movie worth seeing are the Streisand songs.,imdb,negative
imdb_train_24,"So I had heard from a few people that this film had brought them to tears in the theater. As I watched it for the first time I was expecting another romantic, tear-jerking Barbra Streisand film; Somet",ending,Ending,ASPECT,0.9,"The ending of the movie when she sings ""With One More Look At You/Watch Closely Now"" was my reason for giving this film a whopping 3/10.",imdb,negative
imdb_train_25,"Kevin Spacey is very talented, but unfortunately directing is not his forte. I had high expectations about the film before I rented it and maybe that is why I disliked it so much. I admire Spacey's at",Kevin Spacey,Actor/Performance,PERSON,0.901,"Kevin Spacey is very talented, but unfortunately directing is not his forte.",imdb,negative
imdb_train_25,"Kevin Spacey is very talented, but unfortunately directing is not his forte. I had high expectations about the film before I rented it and maybe that is why I disliked it so much. I admire Spacey's at",directing,Direction,ASPECT,0.88,"Kevin Spacey is very talented, but unfortunately directing is not his forte.",imdb,negative
imdb_train_25,"Kevin Spacey is very talented, but unfortunately directing is not his forte. I had high expectations about the film before I rented it and maybe that is why I disliked it so much. I admire Spacey's at",Space,Actor/Performance,PERSON,0.998,"I admire Spacey's attempt at making a film that takes place mostly in one small setting, but it's not the attempt that counts.",imdb,negative
imdb_train_25,"Kevin Spacey is very talented, but unfortunately directing is not his forte. I had high expectations about the film before I rented it and maybe that is why I disliked it so much. I admire Spacey's at",acting,Actor/Performance,ASPECT,0.9,The acting was nothing spectacular.,imdb,negative
imdb_train_25,"Kevin Spacey is very talented, but unfortunately directing is not his forte. I had high expectations about the film before I rented it and maybe that is why I disliked it so much. I admire Spacey's at",Gary Sinise,Actor/Performance,PERSON,0.999,"Gary Sinise has done much better, especially since he is conscious in most of his other films.",imdb,negative
imdb_train_25,"Kevin Spacey is very talented, but unfortunately directing is not his forte. I had high expectations about the film before I rented it and maybe that is why I disliked it so much. I admire Spacey's at",##ke,Actor/Performance,PERSON,0.996,"Skeet Ulrich was disappointing, but this was one of his first films (I did get a kick out of how young and chubby this Scream star looked).",imdb,negative
imdb_train_25,"Kevin Spacey is very talented, but unfortunately directing is not his forte. I had high expectations about the film before I rented it and maybe that is why I disliked it so much. I admire Spacey's at",##et Ulrich,Actor/Performance,PERSON,0.999,"Skeet Ulrich was disappointing, but this was one of his first films (I did get a kick out of how young and chubby this Scream star looked).",imdb,negative
imdb_train_25,"Kevin Spacey is very talented, but unfortunately directing is not his forte. I had high expectations about the film before I rented it and maybe that is why I disliked it so much. I admire Spacey's at",Space,Actor/Performance,PERSON,0.998,"However, that shot was very ""Usual Suspects""ish and my guess is Spacey got the idea from that earlier film of his (which is very good mind you).",imdb,negative
imdb_train_25,"Kevin Spacey is very talented, but unfortunately directing is not his forte. I had high expectations about the film before I rented it and maybe that is why I disliked it so much. I admire Spacey's at",Hitchcock,Actor/Performance,PERSON,0.942,"If you want to see a fabulous film that takes place in one small setting, watch Hitchcock's Lifeboat.",imdb,negative
imdb_train_25,"Kevin Spacey is very talented, but unfortunately directing is not his forte. I had high expectations about the film before I rented it and maybe that is why I disliked it so much. I admire Spacey's at",Space,Actor/Performance,PERSON,0.997,Maybe Spacey should have watched it before filming this.,imdb,negative
imdb_train_26,"Honestly, this is the best reality show anyone has ever come up with. In order to win the money you have to actually be INTELLIGENT. Not only that you've got to be brave, athletic, cunning, etc. It ac",Anderson Cooper,Actor/Performance,PERSON,0.97,"Although, they'll have a hard time pulling Anderson Cooper away from CNN.",imdb,positive
imdb_train_27,"I saw the movie as a child when it was released in the theater and it was so bad that it became the makings of a family joke. If the ranking had a zero, this movie would get it. The dinosaurs were awf",storyline,Plot/Story,ASPECT,0.9,The storyline was ridiculous.,imdb,negative
imdb_train_27,"I saw the movie as a child when it was released in the theater and it was so bad that it became the makings of a family joke. If the ranking had a zero, this movie would get it. The dinosaurs were awf",acting,Actor/Performance,ASPECT,0.88,The acting really doesn't qualify to be called acting.,imdb,negative
imdb_train_27,"I saw the movie as a child when it was released in the theater and it was so bad that it became the makings of a family joke. If the ranking had a zero, this movie would get it. The dinosaurs were awf",acting,Actor/Performance,ASPECT,0.88,The acting really doesn't qualify to be called acting.,imdb,negative
imdb_train_28,This movie was bad from the start. The only purpose of the movie was that Angela wanted to get a high body count. The acting was horrible. The killings were acted out very badly. Like when Ally got st,Angela,Actor/Performance,PERSON,0.998,The only purpose of the movie was that Angela wanted to get a high body count.,imdb,negative
imdb_train_28,This movie was bad from the start. The only purpose of the movie was that Angela wanted to get a high body count. The acting was horrible. The killings were acted out very badly. Like when Ally got st,acting,Actor/Performance,ASPECT,0.9,The acting was horrible.,imdb,negative
imdb_train_28,This movie was bad from the start. The only purpose of the movie was that Angela wanted to get a high body count. The acting was horrible. The killings were acted out very badly. Like when Ally got st,Ally,Actor/Performance,PERSON,0.998,Like when Ally got stuffed down that toilet I guess it was in the abandoned cabin.,imdb,negative
imdb_train_28,This movie was bad from the start. The only purpose of the movie was that Angela wanted to get a high body count. The acting was horrible. The killings were acted out very badly. Like when Ally got st,Molly,Actor/Performance,PERSON,0.998,But when the end of the movie comes and Molly and the other guy are in the cabin you see Ally so Angela must have gone in to get her.,imdb,negative
imdb_train_28,This movie was bad from the start. The only purpose of the movie was that Angela wanted to get a high body count. The acting was horrible. The killings were acted out very badly. Like when Ally got st,Ally,Actor/Performance,PERSON,0.998,But when the end of the movie comes and Molly and the other guy are in the cabin you see Ally so Angela must have gone in to get her.,imdb,negative
imdb_train_28,This movie was bad from the start. The only purpose of the movie was that Angela wanted to get a high body count. The acting was horrible. The killings were acted out very badly. Like when Ally got st,Angela,Actor/Performance,PERSON,0.999,But when the end of the movie comes and Molly and the other guy are in the cabin you see Ally so Angela must have gone in to get her.,imdb,negative
imdb_train_28,This movie was bad from the start. The only purpose of the movie was that Angela wanted to get a high body count. The acting was horrible. The killings were acted out very badly. Like when Ally got st,Angela,Actor/Performance,PERSON,0.999,The part that really got me was when the black girl and Angela were in the cabin and Angela took the guitar string and chocked her.,imdb,negative
imdb_train_28,This movie was bad from the start. The only purpose of the movie was that Angela wanted to get a high body count. The acting was horrible. The killings were acted out very badly. Like when Ally got st,Angela,Actor/Performance,PERSON,0.999,The part that really got me was when the black girl and Angela were in the cabin and Angela took the guitar string and chocked her.,imdb,negative
imdb_train_28,This movie was bad from the start. The only purpose of the movie was that Angela wanted to get a high body count. The acting was horrible. The killings were acted out very badly. Like when Ally got st,horrible acting,Actor/Performance,ASPECT,0.9,One it was horrible acting and two why wouldn't you just turn around and punch the bitch?!?!?,imdb,negative
imdb_train_28,This movie was bad from the start. The only purpose of the movie was that Angela wanted to get a high body count. The acting was horrible. The killings were acted out very badly. Like when Ally got st,Molly,Actor/Performance,PERSON,0.998,Then when Molly is getting chased by Angela if you have the neigh why not just turn around and stab her???,imdb,negative
imdb_train_28,This movie was bad from the start. The only purpose of the movie was that Angela wanted to get a high body count. The acting was horrible. The killings were acted out very badly. Like when Ally got st,Angela,Actor/Performance,PERSON,0.998,Then when Molly is getting chased by Angela if you have the neigh why not just turn around and stab her???,imdb,negative
imdb_train_29,In Holland a gay writer Gerard (Jeroen Krabbe) gives a lecture. He stays overnight with a beautiful woman Christine (Renee Soutendijk) and has sex with her (by imagining she's a boy). He plans to leav,Gerard,Actor/Performance,PERSON,1.0,In Holland a gay writer Gerard (Jeroen Krabbe) gives a lecture.,imdb,positive
imdb_train_29,In Holland a gay writer Gerard (Jeroen Krabbe) gives a lecture. He stays overnight with a beautiful woman Christine (Renee Soutendijk) and has sex with her (by imagining she's a boy). He plans to leav,##ro,Actor/Performance,PERSON,0.848,In Holland a gay writer Gerard (Jeroen Krabbe) gives a lecture.,imdb,positive
imdb_train_29,In Holland a gay writer Gerard (Jeroen Krabbe) gives a lecture. He stays overnight with a beautiful woman Christine (Renee Soutendijk) and has sex with her (by imagining she's a boy). He plans to leav,##en Krabbe,Actor/Performance,PERSON,0.913,In Holland a gay writer Gerard (Jeroen Krabbe) gives a lecture.,imdb,positive
imdb_train_29,In Holland a gay writer Gerard (Jeroen Krabbe) gives a lecture. He stays overnight with a beautiful woman Christine (Renee Soutendijk) and has sex with her (by imagining she's a boy). He plans to leav,Christine,Actor/Performance,PERSON,0.999,He stays overnight with a beautiful woman Christine (Renee Soutendijk) and has sex with her (by imagining she's a boy).,imdb,positive
imdb_train_29,In Holland a gay writer Gerard (Jeroen Krabbe) gives a lecture. He stays overnight with a beautiful woman Christine (Renee Soutendijk) and has sex with her (by imagining she's a boy). He plans to leav,Renee Soutendi,Actor/Performance,PERSON,0.916,He stays overnight with a beautiful woman Christine (Renee Soutendijk) and has sex with her (by imagining she's a boy).,imdb,positive
imdb_train_29,In Holland a gay writer Gerard (Jeroen Krabbe) gives a lecture. He stays overnight with a beautiful woman Christine (Renee Soutendijk) and has sex with her (by imagining she's a boy). He plans to leav,Christine,Actor/Performance,PERSON,0.997,"He plans to leave the next day, but gets a look at a picture of Christine's hunky boyfriend Herman (Thom Hoffman) and decides to stay to have a try at him.",imdb,positive
imdb_train_29,In Holland a gay writer Gerard (Jeroen Krabbe) gives a lecture. He stays overnight with a beautiful woman Christine (Renee Soutendijk) and has sex with her (by imagining she's a boy). He plans to leav,Herman,Actor/Performance,PERSON,0.999,"He plans to leave the next day, but gets a look at a picture of Christine's hunky boyfriend Herman (Thom Hoffman) and decides to stay to have a try at him.",imdb,positive
imdb_train_29,In Holland a gay writer Gerard (Jeroen Krabbe) gives a lecture. He stays overnight with a beautiful woman Christine (Renee Soutendijk) and has sex with her (by imagining she's a boy). He plans to leav,Thom Hoffman,Actor/Performance,PERSON,0.999,"He plans to leave the next day, but gets a look at a picture of Christine's hunky boyfriend Herman (Thom Hoffman) and decides to stay to have a try at him.",imdb,positive
imdb_train_29,In Holland a gay writer Gerard (Jeroen Krabbe) gives a lecture. He stays overnight with a beautiful woman Christine (Renee Soutendijk) and has sex with her (by imagining she's a boy). He plans to leav,all a comedy,Atmosphere/Tone,ASPECT,0.9,"Let's see...there's strangulation, full frontal male and female nudity, castration, mutilation, simulated sex, a scene in a church with a cross that will shock most people, a gay sex scene in a crypt...and it's all a comedy!!!!!",imdb,positive
imdb_train_29,In Holland a gay writer Gerard (Jeroen Krabbe) gives a lecture. He stays overnight with a beautiful woman Christine (Renee Soutendijk) and has sex with her (by imagining she's a boy). He plans to leav,Paul Verhoe,Actor/Performance,PERSON,0.94,"Paul Verhoeven made this after ""Spetters"".",imdb,positive
imdb_train_29,In Holland a gay writer Gerard (Jeroen Krabbe) gives a lecture. He stays overnight with a beautiful woman Christine (Renee Soutendijk) and has sex with her (by imagining she's a boy). He plans to leav,Verhoe,Actor/Performance,PERSON,0.816,"So, Verhoeven filled this film with very obvious symbolism thinking the critics would think it was art and praise it.",imdb,positive
imdb_train_29,In Holland a gay writer Gerard (Jeroen Krabbe) gives a lecture. He stays overnight with a beautiful woman Christine (Renee Soutendijk) and has sex with her (by imagining she's a boy). He plans to leav,Verhoe,Actor/Performance,PERSON,0.762,Critics loved the film not realizing that Verhoeven was playing a big joke on them.,imdb,positive
imdb_train_29,In Holland a gay writer Gerard (Jeroen Krabbe) gives a lecture. He stays overnight with a beautiful woman Christine (Renee Soutendijk) and has sex with her (by imagining she's a boy). He plans to leav,Jan de Bon,Actor/Performance,PERSON,0.999,"It's beautifully shot by Jan de Bont (now a director himself) and there's so much symbolism and obvious ""hidden"" layers in the dialogue that you're never bored.",imdb,positive
imdb_train_29,In Holland a gay writer Gerard (Jeroen Krabbe) gives a lecture. He stays overnight with a beautiful woman Christine (Renee Soutendijk) and has sex with her (by imagining she's a boy). He plans to leav,(now a director,Direction,ASPECT,0.9,"It's beautifully shot by Jan de Bont (now a director himself) and there's so much symbolism and obvious ""hidden"" layers in the dialogue that you're never bored.",imdb,positive
imdb_train_29,In Holland a gay writer Gerard (Jeroen Krabbe) gives a lecture. He stays overnight with a beautiful woman Christine (Renee Soutendijk) and has sex with her (by imagining she's a boy). He plans to leav,dialogue,Dialogues/Screenplay,ASPECT,0.9,"It's beautifully shot by Jan de Bont (now a director himself) and there's so much symbolism and obvious ""hidden"" layers in the dialogue that you're never bored.",imdb,positive
imdb_train_29,In Holland a gay writer Gerard (Jeroen Krabbe) gives a lecture. He stays overnight with a beautiful woman Christine (Renee Soutendijk) and has sex with her (by imagining she's a boy). He plans to leav,All the acting,Actor/Performance,ASPECT,0.9,All the acting is great--Krabbe plays a thoroughly despicable character but (somehow) has you rooting for him; Soutendijk is just stunning to look at and plays her part to perfection--the little smile she gives when Gerard agrees to stay with her is chilling; Hoffman is extremely handsome with a great body--he deserves credit for doing the church sequence and going at with Krabbe in the crypt.,imdb,positive
imdb_train_29,In Holland a gay writer Gerard (Jeroen Krabbe) gives a lecture. He stays overnight with a beautiful woman Christine (Renee Soutendijk) and has sex with her (by imagining she's a boy). He plans to leav,Krab,Actor/Performance,PERSON,0.742,All the acting is great--Krabbe plays a thoroughly despicable character but (somehow) has you rooting for him; Soutendijk is just stunning to look at and plays her part to perfection--the little smile she gives when Gerard agrees to stay with her is chilling; Hoffman is extremely handsome with a great body--he deserves credit for doing the church sequence and going at with Krabbe in the crypt.,imdb,positive
imdb_train_29,In Holland a gay writer Gerard (Jeroen Krabbe) gives a lecture. He stays overnight with a beautiful woman Christine (Renee Soutendijk) and has sex with her (by imagining she's a boy). He plans to leav,##be,Actor/Performance,PERSON,0.834,All the acting is great--Krabbe plays a thoroughly despicable character but (somehow) has you rooting for him; Soutendijk is just stunning to look at and plays her part to perfection--the little smile she gives when Gerard agrees to stay with her is chilling; Hoffman is extremely handsome with a great body--he deserves credit for doing the church sequence and going at with Krabbe in the crypt.,imdb,positive
imdb_train_29,In Holland a gay writer Gerard (Jeroen Krabbe) gives a lecture. He stays overnight with a beautiful woman Christine (Renee Soutendijk) and has sex with her (by imagining she's a boy). He plans to leav,thoroughly despicable character,Characters,ASPECT,0.9,All the acting is great--Krabbe plays a thoroughly despicable character but (somehow) has you rooting for him; Soutendijk is just stunning to look at and plays her part to perfection--the little smile she gives when Gerard agrees to stay with her is chilling; Hoffman is extremely handsome with a great body--he deserves credit for doing the church sequence and going at with Krabbe in the crypt.,imdb,positive
imdb_train_29,In Holland a gay writer Gerard (Jeroen Krabbe) gives a lecture. He stays overnight with a beautiful woman Christine (Renee Soutendijk) and has sex with her (by imagining she's a boy). He plans to leav,Soute,Actor/Performance,PERSON,0.889,All the acting is great--Krabbe plays a thoroughly despicable character but (somehow) has you rooting for him; Soutendijk is just stunning to look at and plays her part to perfection--the little smile she gives when Gerard agrees to stay with her is chilling; Hoffman is extremely handsome with a great body--he deserves credit for doing the church sequence and going at with Krabbe in the crypt.,imdb,positive
imdb_train_29,In Holland a gay writer Gerard (Jeroen Krabbe) gives a lecture. He stays overnight with a beautiful woman Christine (Renee Soutendijk) and has sex with her (by imagining she's a boy). He plans to leav,Gerard,Actor/Performance,PERSON,0.999,All the acting is great--Krabbe plays a thoroughly despicable character but (somehow) has you rooting for him; Soutendijk is just stunning to look at and plays her part to perfection--the little smile she gives when Gerard agrees to stay with her is chilling; Hoffman is extremely handsome with a great body--he deserves credit for doing the church sequence and going at with Krabbe in the crypt.,imdb,positive
imdb_train_29,In Holland a gay writer Gerard (Jeroen Krabbe) gives a lecture. He stays overnight with a beautiful woman Christine (Renee Soutendijk) and has sex with her (by imagining she's a boy). He plans to leav,Hoffman,Actor/Performance,PERSON,0.999,All the acting is great--Krabbe plays a thoroughly despicable character but (somehow) has you rooting for him; Soutendijk is just stunning to look at and plays her part to perfection--the little smile she gives when Gerard agrees to stay with her is chilling; Hoffman is extremely handsome with a great body--he deserves credit for doing the church sequence and going at with Krabbe in the crypt.,imdb,positive
imdb_train_30,"The only thing I remember about this movie are two things: first, as a twelve year old, even I thought it stunk. Second, it was so bad that when Mad magazine did a parody of it, they quit after the fi",Rodney Dangerfield,Actor/Performance,PERSON,0.999,"Another good selection would be Caddyshack, the classic with the late Rodney Dangerfield and Bill Murray before he became annoyingly charming, with great lines like greens keeper Carl Spackler's ""Correct me if I'm wrong Sandy, but if I kill all the golfers they'll lock me up and throw away the key.""",imdb,negative
imdb_train_30,"The only thing I remember about this movie are two things: first, as a twelve year old, even I thought it stunk. Second, it was so bad that when Mad magazine did a parody of it, they quit after the fi",Bill Murray,Actor/Performance,PERSON,1.0,"Another good selection would be Caddyshack, the classic with the late Rodney Dangerfield and Bill Murray before he became annoyingly charming, with great lines like greens keeper Carl Spackler's ""Correct me if I'm wrong Sandy, but if I kill all the golfers they'll lock me up and throw away the key.""",imdb,negative
imdb_train_30,"The only thing I remember about this movie are two things: first, as a twelve year old, even I thought it stunk. Second, it was so bad that when Mad magazine did a parody of it, they quit after the fi",great lines,Dialogues/Screenplay,ASPECT,0.9,"Another good selection would be Caddyshack, the classic with the late Rodney Dangerfield and Bill Murray before he became annoyingly charming, with great lines like greens keeper Carl Spackler's ""Correct me if I'm wrong Sandy, but if I kill all the golfers they'll lock me up and throw away the key.""",imdb,negative
imdb_train_30,"The only thing I remember about this movie are two things: first, as a twelve year old, even I thought it stunk. Second, it was so bad that when Mad magazine did a parody of it, they quit after the fi",Carl Spackler,Actor/Performance,PERSON,0.997,"Another good selection would be Caddyshack, the classic with the late Rodney Dangerfield and Bill Murray before he became annoyingly charming, with great lines like greens keeper Carl Spackler's ""Correct me if I'm wrong Sandy, but if I kill all the golfers they'll lock me up and throw away the key.""",imdb,negative
imdb_train_30,"The only thing I remember about this movie are two things: first, as a twelve year old, even I thought it stunk. Second, it was so bad that when Mad magazine did a parody of it, they quit after the fi",Sandy,Actor/Performance,PERSON,0.984,"Another good selection would be Caddyshack, the classic with the late Rodney Dangerfield and Bill Murray before he became annoyingly charming, with great lines like greens keeper Carl Spackler's ""Correct me if I'm wrong Sandy, but if I kill all the golfers they'll lock me up and throw away the key.""",imdb,negative
imdb_train_31,Every one should see this movie because each one of us is broken in some way and it may help us realize 1) My life isn't as bad as I thought it was and 2) How important it is to adopt a child in need.,Jake,Actor/Performance,PERSON,0.996,"Definitely recommend this one... and while you're at it, I'd like to throw in ""The Color Purple"" and ""Woman, Thou Art Loosed"" by T.D. Jakes.",imdb,positive
imdb_train_32,"Bette Midler showcases her talents and beauty in ""Diva Las Vegas"". I am thrilled that I taped it and I am able to view whenever I want to. She possesses what it takes to keep an audience in captivity.",Bet,Actor/Performance,PERSON,0.996,"Bette Midler showcases her talents and beauty in ""Diva Las Vegas"".",imdb,positive
imdb_train_32,"Bette Midler showcases her talents and beauty in ""Diva Las Vegas"". I am thrilled that I taped it and I am able to view whenever I want to. She possesses what it takes to keep an audience in captivity.",##te Midler,Actor/Performance,PERSON,0.914,"Bette Midler showcases her talents and beauty in ""Diva Las Vegas"".",imdb,positive
imdb_train_32,"Bette Midler showcases her talents and beauty in ""Diva Las Vegas"". I am thrilled that I taped it and I am able to view whenever I want to. She possesses what it takes to keep an audience in captivity.",feel,Atmosphere/Tone,ASPECT,0.88,You can feel the emotion in the song and will end up having goose bumps.,imdb,positive
imdb_train_32,"Bette Midler showcases her talents and beauty in ""Diva Las Vegas"". I am thrilled that I taped it and I am able to view whenever I want to. She possesses what it takes to keep an audience in captivity.",Bet,Actor/Performance,PERSON,0.908,The show will leave you with the urge to go out and either rent a Bette Midler movie or go to the nearest music store and purchase one of Bette Midler's albums.,imdb,positive
imdb_train_32,"Bette Midler showcases her talents and beauty in ""Diva Las Vegas"". I am thrilled that I taped it and I am able to view whenever I want to. She possesses what it takes to keep an audience in captivity.",##te Midler,Actor/Performance,PERSON,0.82,The show will leave you with the urge to go out and either rent a Bette Midler movie or go to the nearest music store and purchase one of Bette Midler's albums.,imdb,positive
imdb_train_32,"Bette Midler showcases her talents and beauty in ""Diva Las Vegas"". I am thrilled that I taped it and I am able to view whenever I want to. She possesses what it takes to keep an audience in captivity.",nearest music store,Music/Soundtrack,ASPECT,0.9,The show will leave you with the urge to go out and either rent a Bette Midler movie or go to the nearest music store and purchase one of Bette Midler's albums.,imdb,positive
imdb_train_32,"Bette Midler showcases her talents and beauty in ""Diva Las Vegas"". I am thrilled that I taped it and I am able to view whenever I want to. She possesses what it takes to keep an audience in captivity.",Bet,Actor/Performance,PERSON,0.99,The show will leave you with the urge to go out and either rent a Bette Midler movie or go to the nearest music store and purchase one of Bette Midler's albums.,imdb,positive
imdb_train_32,"Bette Midler showcases her talents and beauty in ""Diva Las Vegas"". I am thrilled that I taped it and I am able to view whenever I want to. She possesses what it takes to keep an audience in captivity.",##te Midler,Actor/Performance,PERSON,0.925,The show will leave you with the urge to go out and either rent a Bette Midler movie or go to the nearest music store and purchase one of Bette Midler's albums.,imdb,positive
imdb_train_33,"The three main characters are very well portrayed, especially Anisio by rock musician turned into first time actor Paulo Miklos. He is extremely convincing as the lower class trespasser/invader. The f",three main characters,Characters,ASPECT,0.9,"The three main characters are very well portrayed, especially Anisio by rock musician turned into first time actor Paulo Miklos.",imdb,positive
imdb_train_33,"The three main characters are very well portrayed, especially Anisio by rock musician turned into first time actor Paulo Miklos. He is extremely convincing as the lower class trespasser/invader. The f",##isi,Actor/Performance,PERSON,0.978,"The three main characters are very well portrayed, especially Anisio by rock musician turned into first time actor Paulo Miklos.",imdb,positive
imdb_train_33,"The three main characters are very well portrayed, especially Anisio by rock musician turned into first time actor Paulo Miklos. He is extremely convincing as the lower class trespasser/invader. The f",##o,Actor/Performance,PERSON,0.884,"The three main characters are very well portrayed, especially Anisio by rock musician turned into first time actor Paulo Miklos.",imdb,positive
imdb_train_33,"The three main characters are very well portrayed, especially Anisio by rock musician turned into first time actor Paulo Miklos. He is extremely convincing as the lower class trespasser/invader. The f",Paulo Miklos,Actor/Performance,PERSON,0.996,"The three main characters are very well portrayed, especially Anisio by rock musician turned into first time actor Paulo Miklos.",imdb,positive
imdb_train_34,"Considering how much money was budgeted for this film, you would expect more from the story as a whole. This could be quite possibly the most worthless movie I have ever watched. There was no real adv",story,Plot/Story,ASPECT,0.9,"Considering how much money was budgeted for this film, you would expect more from the story as a whole.",imdb,negative
imdb_train_34,"Considering how much money was budgeted for this film, you would expect more from the story as a whole. This could be quite possibly the most worthless movie I have ever watched. There was no real adv",Character development,Characters,ASPECT,0.9,"Character development, minimal.",imdb,negative
imdb_train_34,"Considering how much money was budgeted for this film, you would expect more from the story as a whole. This could be quite possibly the most worthless movie I have ever watched. There was no real adv",Plot advancement,Plot/Story,ASPECT,0.9,"Plot advancement, maybe.",imdb,negative
imdb_train_34,"Considering how much money was budgeted for this film, you would expect more from the story as a whole. This could be quite possibly the most worthless movie I have ever watched. There was no real adv",the-plot,Plot/Story,ASPECT,0.9,"In summary, this was a horrible attempt at an 'Ocean's 11' style hide-the-plot-so-person-has-to- think movie because not only do you not know what's going on, nobody who made the movie did either.",imdb,negative
imdb_train_35,"Wow, here it finally is; the action ""movie"" without action. In a real low-budget setting (don't miss the hilarious flying saucers flying by a few times) of a future Seattle we find a no-brain hardbody",plot,Plot/Story,ASPECT,0.9,"There is nothing even remotely original or interesting about the plot and the actors' performance is only rivalled in stupidity by the attempts to steal from other movies, mainly ""Matrix"" without having the money to do it right.",imdb,negative
imdb_train_35,"Wow, here it finally is; the action ""movie"" without action. In a real low-budget setting (don't miss the hilarious flying saucers flying by a few times) of a future Seattle we find a no-brain hardbody",actors' performance,Actor/Performance,ASPECT,0.9,"There is nothing even remotely original or interesting about the plot and the actors' performance is only rivalled in stupidity by the attempts to steal from other movies, mainly ""Matrix"" without having the money to do it right.",imdb,negative
imdb_train_35,"Wow, here it finally is; the action ""movie"" without action. In a real low-budget setting (don't miss the hilarious flying saucers flying by a few times) of a future Seattle we find a no-brain hardbody",lead,Actor/Performance,ASPECT,0.88,"And, yes, we are also served a number of leads that lead absolutely nowhere, as if the script was thought-out by the previously unseen cast while shooting the scenes.",imdb,negative
imdb_train_35,"Wow, here it finally is; the action ""movie"" without action. In a real low-budget setting (don't miss the hilarious flying saucers flying by a few times) of a future Seattle we find a no-brain hardbody",script,Plot/Story,ASPECT,0.9,"And, yes, we are also served a number of leads that lead absolutely nowhere, as if the script was thought-out by the previously unseen cast while shooting the scenes.",imdb,negative
imdb_train_35,"Wow, here it finally is; the action ""movie"" without action. In a real low-budget setting (don't miss the hilarious flying saucers flying by a few times) of a future Seattle we find a no-brain hardbody",previously unseen cast,Actor/Performance,ASPECT,0.9,"And, yes, we are also served a number of leads that lead absolutely nowhere, as if the script was thought-out by the previously unseen cast while shooting the scenes.",imdb,negative
imdb_train_36,"Whether it's a good movie or not, films of this kind has to be made, i think. It remembers me of ""I love Huckabees"", a overwhelmingly puzzling movie with Isabelle Huppert being sodomized by a young Am",Isabelle Hupper,Actor/Performance,PERSON,0.998,"It remembers me of ""I love Huckabees"", a overwhelmingly puzzling movie with Isabelle Huppert being sodomized by a young American in a mud pond, in a merry sadistic-masochist way (??!!!!).",imdb,positive
imdb_train_36,"Whether it's a good movie or not, films of this kind has to be made, i think. It remembers me of ""I love Huckabees"", a overwhelmingly puzzling movie with Isabelle Huppert being sodomized by a young Am",director,Direction,ASPECT,0.9,"I hope the director will go on stepping across the border, as though i felt the choices Vincenzo Natali made, were not always subtle (some of the scenes were unhappily kind of ""tarte-à-la-crème"", like a childish slapstick), speaking about script and cinematography The color of ""Cube"" was black, ""Nothing"" is white, more cheerful, surprisingly, than the former films of Natali.",imdb,positive
imdb_train_36,"Whether it's a good movie or not, films of this kind has to be made, i think. It remembers me of ""I love Huckabees"", a overwhelmingly puzzling movie with Isabelle Huppert being sodomized by a young Am",Vincenzo Natal,Actor/Performance,PERSON,0.999,"I hope the director will go on stepping across the border, as though i felt the choices Vincenzo Natali made, were not always subtle (some of the scenes were unhappily kind of ""tarte-à-la-crème"", like a childish slapstick), speaking about script and cinematography The color of ""Cube"" was black, ""Nothing"" is white, more cheerful, surprisingly, than the former films of Natali.",imdb,positive
imdb_train_36,"Whether it's a good movie or not, films of this kind has to be made, i think. It remembers me of ""I love Huckabees"", a overwhelmingly puzzling movie with Isabelle Huppert being sodomized by a young Am",script,Plot/Story,ASPECT,0.9,"I hope the director will go on stepping across the border, as though i felt the choices Vincenzo Natali made, were not always subtle (some of the scenes were unhappily kind of ""tarte-à-la-crème"", like a childish slapstick), speaking about script and cinematography The color of ""Cube"" was black, ""Nothing"" is white, more cheerful, surprisingly, than the former films of Natali.",imdb,positive
imdb_train_36,"Whether it's a good movie or not, films of this kind has to be made, i think. It remembers me of ""I love Huckabees"", a overwhelmingly puzzling movie with Isabelle Huppert being sodomized by a young Am",cinematography,Cinematography/Visuals,ASPECT,0.88,"I hope the director will go on stepping across the border, as though i felt the choices Vincenzo Natali made, were not always subtle (some of the scenes were unhappily kind of ""tarte-à-la-crème"", like a childish slapstick), speaking about script and cinematography The color of ""Cube"" was black, ""Nothing"" is white, more cheerful, surprisingly, than the former films of Natali.",imdb,positive
imdb_train_36,"Whether it's a good movie or not, films of this kind has to be made, i think. It remembers me of ""I love Huckabees"", a overwhelmingly puzzling movie with Isabelle Huppert being sodomized by a young Am",Natal,Actor/Performance,PERSON,0.987,"I hope the director will go on stepping across the border, as though i felt the choices Vincenzo Natali made, were not always subtle (some of the scenes were unhappily kind of ""tarte-à-la-crème"", like a childish slapstick), speaking about script and cinematography The color of ""Cube"" was black, ""Nothing"" is white, more cheerful, surprisingly, than the former films of Natali.",imdb,positive
imdb_train_37,"They played this on the July 4th Twilight Zone marathon and this is, hands down, the worst Twilight Zone episode I've ever seen. It's completely out of sync with the rest of the series in its tone. Ev",tone,Atmosphere/Tone,ASPECT,0.9,It's completely out of sync with the rest of the series in its tone.,imdb,negative
imdb_train_37,"They played this on the July 4th Twilight Zone marathon and this is, hands down, the worst Twilight Zone episode I've ever seen. It's completely out of sync with the rest of the series in its tone. Ev",Buster Keaton,Actor/Performance,PERSON,0.999,"Buster Keaton did what he could with such terrible material, and frankly it surprises me that someone of his historic comedy stature would stoop to the level of this episode.",imdb,negative
imdb_train_37,"They played this on the July 4th Twilight Zone marathon and this is, hands down, the worst Twilight Zone episode I've ever seen. It's completely out of sync with the rest of the series in its tone. Ev",historic comedy stature,Atmosphere/Tone,ASPECT,0.9,"Buster Keaton did what he could with such terrible material, and frankly it surprises me that someone of his historic comedy stature would stoop to the level of this episode.",imdb,negative
imdb_train_38,I like a lot of the actors/actresses involved in this project so being insulted by the movie felt even worse than if they used a unknowns .The main problem was this movie was clearly just a concept cr,actors,Actor/Performance,ASPECT,0.9,I like a lot of the actors/actresses involved in this project so being insulted by the movie felt even worse than if they used a unknowns .The main problem was this movie was clearly just a concept created to appeal to baby boomers .In 20 or 30 years Nbc will probably do a movie just like this about the early 90's .,imdb,negative
imdb_train_38,I like a lot of the actors/actresses involved in this project so being insulted by the movie felt even worse than if they used a unknowns .The main problem was this movie was clearly just a concept cr,actresses,Actor/Performance,ASPECT,0.9,I like a lot of the actors/actresses involved in this project so being insulted by the movie felt even worse than if they used a unknowns .The main problem was this movie was clearly just a concept created to appeal to baby boomers .In 20 or 30 years Nbc will probably do a movie just like this about the early 90's .,imdb,negative
imdb_train_38,I like a lot of the actors/actresses involved in this project so being insulted by the movie felt even worse than if they used a unknowns .The main problem was this movie was clearly just a concept cr,just a concept,Plot/Story,ASPECT,0.9,I like a lot of the actors/actresses involved in this project so being insulted by the movie felt even worse than if they used a unknowns .The main problem was this movie was clearly just a concept created to appeal to baby boomers .In 20 or 30 years Nbc will probably do a movie just like this about the early 90's .,imdb,negative
imdb_train_38,I like a lot of the actors/actresses involved in this project so being insulted by the movie felt even worse than if they used a unknowns .The main problem was this movie was clearly just a concept cr,rock music,Music/Soundtrack,ASPECT,0.9,I can see it now a black family where the kids are involved with the la riot's and the white family has the kids rebel and listen to grunge rock music .The,imdb,negative
imdb_train_38,I like a lot of the actors/actresses involved in this project so being insulted by the movie felt even worse than if they used a unknowns .The main problem was this movie was clearly just a concept cr,soundtrack,Music/Soundtrack,ASPECT,0.9,"soundtrack will feature bands like Nirvana , N.W.A , Public Enemy , Soundgarden etc .The",imdb,negative
imdb_train_38,I like a lot of the actors/actresses involved in this project so being insulted by the movie felt even worse than if they used a unknowns .The main problem was this movie was clearly just a concept cr,Soundgarden,Actor/Performance,PERSON,0.85,"soundtrack will feature bands like Nirvana , N.W.A , Public Enemy , Soundgarden etc .The",imdb,negative
imdb_train_39,"This movie makes a statement about Joseph Smith, what he stood for, and what the LDS church believes. With all the current media coverage of a certain fugitive people have confused the LDS church with",Joseph Smith,Actor/Performance,PERSON,0.999,"This movie makes a statement about Joseph Smith, what he stood for, and what the LDS church believes.",imdb,positive
imdb_train_39,"This movie makes a statement about Joseph Smith, what he stood for, and what the LDS church believes. With all the current media coverage of a certain fugitive people have confused the LDS church with",Warren Jeff,Actor/Performance,PERSON,0.999,With all the current media coverage of a certain fugitive people have confused the LDS church with the FLDS church and criminal fugitive Warren Jeffs.,imdb,positive
imdb_train_39,"This movie makes a statement about Joseph Smith, what he stood for, and what the LDS church believes. With all the current media coverage of a certain fugitive people have confused the LDS church with",Jeff,Actor/Performance,PERSON,0.998,Jeffs is Not associated with the LDS church yet media groups internationally have asked for comments about Jeffs from The LDS church.,imdb,positive
imdb_train_39,"This movie makes a statement about Joseph Smith, what he stood for, and what the LDS church believes. With all the current media coverage of a certain fugitive people have confused the LDS church with",Jeff,Actor/Performance,PERSON,0.995,Jeffs is Not associated with the LDS church yet media groups internationally have asked for comments about Jeffs from The LDS church.,imdb,positive
imdb_train_39,"This movie makes a statement about Joseph Smith, what he stood for, and what the LDS church believes. With all the current media coverage of a certain fugitive people have confused the LDS church with",Jeff,Actor/Performance,PERSON,0.998,Jeffs is not mentioned in the movie at all,imdb,positive
imdb_train_39,"This movie makes a statement about Joseph Smith, what he stood for, and what the LDS church believes. With all the current media coverage of a certain fugitive people have confused the LDS church with",Joseph,Actor/Performance,PERSON,0.999,but I think that it is ironic that this movie with all it's points about Joseph also point away from the fews of the FLDS church and their leader at this time in the media world.,imdb,positive
imdb_train_39,"This movie makes a statement about Joseph Smith, what he stood for, and what the LDS church believes. With all the current media coverage of a certain fugitive people have confused the LDS church with",Joseph Smith,Actor/Performance,PERSON,0.998,This is a movie about Joseph Smith and a great one at that.,imdb,positive
imdb_train_39,"This movie makes a statement about Joseph Smith, what he stood for, and what the LDS church believes. With all the current media coverage of a certain fugitive people have confused the LDS church with",Jeff,Actor/Performance,PERSON,0.996,"Some of the most obvious differences between Jeffs and Joseph is portrayed in Joseph's humanity, acceptance and love.",imdb,positive
imdb_train_39,"This movie makes a statement about Joseph Smith, what he stood for, and what the LDS church believes. With all the current media coverage of a certain fugitive people have confused the LDS church with",Joseph,Actor/Performance,PERSON,0.999,"Some of the most obvious differences between Jeffs and Joseph is portrayed in Joseph's humanity, acceptance and love.",imdb,positive
imdb_train_39,"This movie makes a statement about Joseph Smith, what he stood for, and what the LDS church believes. With all the current media coverage of a certain fugitive people have confused the LDS church with",portrayed,Actor/Performance,ASPECT,0.88,"Some of the most obvious differences between Jeffs and Joseph is portrayed in Joseph's humanity, acceptance and love.",imdb,positive
imdb_train_39,"This movie makes a statement about Joseph Smith, what he stood for, and what the LDS church believes. With all the current media coverage of a certain fugitive people have confused the LDS church with",Joseph,Actor/Performance,PERSON,0.999,"Some of the most obvious differences between Jeffs and Joseph is portrayed in Joseph's humanity, acceptance and love.",imdb,positive
imdb_train_39,"This movie makes a statement about Joseph Smith, what he stood for, and what the LDS church believes. With all the current media coverage of a certain fugitive people have confused the LDS church with",Jeff,Actor/Performance,PERSON,0.992,Jeffs views and opinions differ greatly from Joseph Smith and the LDS Church and it is seen in this movie.,imdb,positive
imdb_train_39,"This movie makes a statement about Joseph Smith, what he stood for, and what the LDS church believes. With all the current media coverage of a certain fugitive people have confused the LDS church with",Joseph Smith,Actor/Performance,PERSON,0.998,Jeffs views and opinions differ greatly from Joseph Smith and the LDS Church and it is seen in this movie.,imdb,positive
imdb_train_39,"This movie makes a statement about Joseph Smith, what he stood for, and what the LDS church believes. With all the current media coverage of a certain fugitive people have confused the LDS church with",Jeff,Actor/Performance,PERSON,0.996,"Jeffs thinks of the ""Negro"" as devils.",imdb,positive
imdb_train_39,"This movie makes a statement about Joseph Smith, what he stood for, and what the LDS church believes. With all the current media coverage of a certain fugitive people have confused the LDS church with",Joseph Smith,Actor/Performance,PERSON,0.999,Joseph Smith knew they were children of god and gave up his wife's favorite horse to a African American (former slave) to buy his son's freedom.,imdb,positive
imdb_train_39,"This movie makes a statement about Joseph Smith, what he stood for, and what the LDS church believes. With all the current media coverage of a certain fugitive people have confused the LDS church with",Joseph,Actor/Performance,PERSON,0.999,Joseph is shown doing housework for his wife Emma and is criticized by a member until Joseph tells him that a man may lose his wife in the next life if she chooses not to stay with her husband and that doing chores is a way to help and cherish your wife.,imdb,positive
imdb_train_39,"This movie makes a statement about Joseph Smith, what he stood for, and what the LDS church believes. With all the current media coverage of a certain fugitive people have confused the LDS church with",Emma,Actor/Performance,PERSON,0.993,Joseph is shown doing housework for his wife Emma and is criticized by a member until Joseph tells him that a man may lose his wife in the next life if she chooses not to stay with her husband and that doing chores is a way to help and cherish your wife.,imdb,positive
imdb_train_39,"This movie makes a statement about Joseph Smith, what he stood for, and what the LDS church believes. With all the current media coverage of a certain fugitive people have confused the LDS church with",Joseph,Actor/Performance,PERSON,0.999,Joseph is shown doing housework for his wife Emma and is criticized by a member until Joseph tells him that a man may lose his wife in the next life if she chooses not to stay with her husband and that doing chores is a way to help and cherish your wife.,imdb,positive
imdb_train_39,"This movie makes a statement about Joseph Smith, what he stood for, and what the LDS church believes. With all the current media coverage of a certain fugitive people have confused the LDS church with",Jeff,Actor/Performance,PERSON,0.995,Jeffs brought one of his polygamist wives to her knees in front of a class full of students by grabbing her braid and twisting it painfully till she came to her knees.,imdb,positive
imdb_train_39,"This movie makes a statement about Joseph Smith, what he stood for, and what the LDS church believes. With all the current media coverage of a certain fugitive people have confused the LDS church with",Joseph,Actor/Performance,PERSON,0.999,Lastly Joseph participated with law enforcement and sought aid from the government at all times.,imdb,positive
imdb_train_39,"This movie makes a statement about Joseph Smith, what he stood for, and what the LDS church believes. With all the current media coverage of a certain fugitive people have confused the LDS church with",Jeff,Actor/Performance,PERSON,0.997,Jeffs thumbs his nose at government and flees at all times.,imdb,positive
imdb_train_39,"This movie makes a statement about Joseph Smith, what he stood for, and what the LDS church believes. With all the current media coverage of a certain fugitive people have confused the LDS church with",Joseph Smith,Actor/Performance,PERSON,0.997,"I loved this movie and if you don't know much about Joseph Smith and what the LDS church believes, then this is the movie to see.",imdb,positive
imdb_train_39,"This movie makes a statement about Joseph Smith, what he stood for, and what the LDS church believes. With all the current media coverage of a certain fugitive people have confused the LDS church with",Joseph,Actor/Performance,PERSON,0.97,This movie trys to portray that but there is so much of Joseph's life that can't be covered in a mere 2 hour movie.,imdb,positive
imdb_train_40,"There is no greater disservice to do to history than to misrepresent it. This takes the easiest and most shallow route, simply portraying him as a monster. Only showing his negative sides, and exagger",well-told plot,Plot/Story,ASPECT,0.9,"It's well-done, through and through, excellent production values, a solid arc to the well-told plot, what characterization does occur is strong and credible, dialog and script are great, all acting performances are masterful(Carlyle looks and behaves the role... as it was written... perfectly), the music is well-composed, cinematography and editing are flawless and creative, and this is definitely dramatic, entertaining and riveting.",imdb,positive
imdb_train_40,"There is no greater disservice to do to history than to misrepresent it. This takes the easiest and most shallow route, simply portraying him as a monster. Only showing his negative sides, and exagger",what characterization,Actor/Performance,ASPECT,0.9,"It's well-done, through and through, excellent production values, a solid arc to the well-told plot, what characterization does occur is strong and credible, dialog and script are great, all acting performances are masterful(Carlyle looks and behaves the role... as it was written... perfectly), the music is well-composed, cinematography and editing are flawless and creative, and this is definitely dramatic, entertaining and riveting.",imdb,positive
imdb_train_40,"There is no greater disservice to do to history than to misrepresent it. This takes the easiest and most shallow route, simply portraying him as a monster. Only showing his negative sides, and exagger",script,Plot/Story,ASPECT,0.9,"It's well-done, through and through, excellent production values, a solid arc to the well-told plot, what characterization does occur is strong and credible, dialog and script are great, all acting performances are masterful(Carlyle looks and behaves the role... as it was written... perfectly), the music is well-composed, cinematography and editing are flawless and creative, and this is definitely dramatic, entertaining and riveting.",imdb,positive
imdb_train_40,"There is no greater disservice to do to history than to misrepresent it. This takes the easiest and most shallow route, simply portraying him as a monster. Only showing his negative sides, and exagger",all acting performances,Actor/Performance,ASPECT,0.9,"It's well-done, through and through, excellent production values, a solid arc to the well-told plot, what characterization does occur is strong and credible, dialog and script are great, all acting performances are masterful(Carlyle looks and behaves the role... as it was written... perfectly), the music is well-composed, cinematography and editing are flawless and creative, and this is definitely dramatic, entertaining and riveting.",imdb,positive
imdb_train_40,"There is no greater disservice to do to history than to misrepresent it. This takes the easiest and most shallow route, simply portraying him as a monster. Only showing his negative sides, and exagger",role,Actor/Performance,ASPECT,0.9,"It's well-done, through and through, excellent production values, a solid arc to the well-told plot, what characterization does occur is strong and credible, dialog and script are great, all acting performances are masterful(Carlyle looks and behaves the role... as it was written... perfectly), the music is well-composed, cinematography and editing are flawless and creative, and this is definitely dramatic, entertaining and riveting.",imdb,positive
imdb_train_40,"There is no greater disservice to do to history than to misrepresent it. This takes the easiest and most shallow route, simply portraying him as a monster. Only showing his negative sides, and exagger",music,Music/Soundtrack,ASPECT,0.9,"It's well-done, through and through, excellent production values, a solid arc to the well-told plot, what characterization does occur is strong and credible, dialog and script are great, all acting performances are masterful(Carlyle looks and behaves the role... as it was written... perfectly), the music is well-composed, cinematography and editing are flawless and creative, and this is definitely dramatic, entertaining and riveting.",imdb,positive
imdb_train_40,"There is no greater disservice to do to history than to misrepresent it. This takes the easiest and most shallow route, simply portraying him as a monster. Only showing his negative sides, and exagger",cinematography,Cinematography/Visuals,ASPECT,0.9,"It's well-done, through and through, excellent production values, a solid arc to the well-told plot, what characterization does occur is strong and credible, dialog and script are great, all acting performances are masterful(Carlyle looks and behaves the role... as it was written... perfectly), the music is well-composed, cinematography and editing are flawless and creative, and this is definitely dramatic, entertaining and riveting.",imdb,positive
imdb_train_40,"There is no greater disservice to do to history than to misrepresent it. This takes the easiest and most shallow route, simply portraying him as a monster. Only showing his negative sides, and exagger",editing,Pacing/Editing,ASPECT,0.9,"It's well-done, through and through, excellent production values, a solid arc to the well-told plot, what characterization does occur is strong and credible, dialog and script are great, all acting performances are masterful(Carlyle looks and behaves the role... as it was written... perfectly), the music is well-composed, cinematography and editing are flawless and creative, and this is definitely dramatic, entertaining and riveting.",imdb,positive
imdb_train_40,"There is no greater disservice to do to history than to misrepresent it. This takes the easiest and most shallow route, simply portraying him as a monster. Only showing his negative sides, and exagger",feel,Atmosphere/Tone,ASPECT,0.88,"If I had been offered to work on this, and did not feel I could be objective enough to have Hitler appear as a fully fleshed-out person, I would have declined, citing that as the reason.",imdb,positive
imdb_train_40,"There is no greater disservice to do to history than to misrepresent it. This takes the easiest and most shallow route, simply portraying him as a monster. Only showing his negative sides, and exagger",Hitler,Actor/Performance,PERSON,0.951,"If I had been offered to work on this, and did not feel I could be objective enough to have Hitler appear as a fully fleshed-out person, I would have declined, citing that as the reason.",imdb,positive
imdb_train_41,"During the cheap filmed in video beginning of Crazy Fat Ethel II, I wondered if it was the same film that was on the cover. Unfortunately, it was. The story itself is mindlessly simple. Ethel, a homic",story,Plot/Story,ASPECT,0.9,The story itself is mindlessly simple.,imdb,negative
imdb_train_41,"During the cheap filmed in video beginning of Crazy Fat Ethel II, I wondered if it was the same film that was on the cover. Unfortunately, it was. The story itself is mindlessly simple. Ethel, a homic",Ethel,Actor/Performance,PERSON,0.998,"Ethel, a homicidal maniac with an eating disorder, is released into a halfway house because of hospital overcrowding.",imdb,negative
imdb_train_41,"During the cheap filmed in video beginning of Crazy Fat Ethel II, I wondered if it was the same film that was on the cover. Unfortunately, it was. The story itself is mindlessly simple. Ethel, a homic",Ethel,Actor/Performance,PERSON,0.997,Ethel is then teased by one of the halfway house employees with a chocolate bar after he hits on the cost cutting measure of feeding the residents dog food.,imdb,negative
imdb_train_41,"During the cheap filmed in video beginning of Crazy Fat Ethel II, I wondered if it was the same film that was on the cover. Unfortunately, it was. The story itself is mindlessly simple. Ethel, a homic",Ethel,Actor/Performance,PERSON,0.997,"Ethel retaliates by strangling him with a wire noose on the stairs and then....well, you get the idea.",imdb,negative
imdb_train_41,"During the cheap filmed in video beginning of Crazy Fat Ethel II, I wondered if it was the same film that was on the cover. Unfortunately, it was. The story itself is mindlessly simple. Ethel, a homic",cheap effects,Special Effects/CGI,ASPECT,0.9,This film was poorly made with cheap effects and even worse acting.,imdb,negative
imdb_train_41,"During the cheap filmed in video beginning of Crazy Fat Ethel II, I wondered if it was the same film that was on the cover. Unfortunately, it was. The story itself is mindlessly simple. Ethel, a homic",even worse acting,Actor/Performance,ASPECT,0.9,This film was poorly made with cheap effects and even worse acting.,imdb,negative
imdb_train_41,"During the cheap filmed in video beginning of Crazy Fat Ethel II, I wondered if it was the same film that was on the cover. Unfortunately, it was. The story itself is mindlessly simple. Ethel, a homic",characters,Characters,ASPECT,0.9,The characters are so wooden when delivering their lines that they should be standing out in front of a cigar store.,imdb,negative
imdb_train_41,"During the cheap filmed in video beginning of Crazy Fat Ethel II, I wondered if it was the same film that was on the cover. Unfortunately, it was. The story itself is mindlessly simple. Ethel, a homic",lines,Dialogues/Screenplay,ASPECT,0.9,The characters are so wooden when delivering their lines that they should be standing out in front of a cigar store.,imdb,negative
imdb_train_42,"This isn't cinema. It isn't talent. It isn't informative. It isn't scary. It isn't entertaining. It isn't anything at all. I got this because my cousin says, ""Diablo! COOL!"" Yeah, right. The only thin",sorta,Actor/Performance,PERSON,0.85,Soap operas at least LOOK professional...sorta.,imdb,negative
imdb_train_42,"This isn't cinema. It isn't talent. It isn't informative. It isn't scary. It isn't entertaining. It isn't anything at all. I got this because my cousin says, ""Diablo! COOL!"" Yeah, right. The only thin",cinematography,Cinematography/Visuals,ASPECT,0.9,The cinematography is detestable!,imdb,negative
imdb_train_42,"This isn't cinema. It isn't talent. It isn't informative. It isn't scary. It isn't entertaining. It isn't anything at all. I got this because my cousin says, ""Diablo! COOL!"" Yeah, right. The only thin",director,Direction,ASPECT,0.9,WHO IS this director anyway?,imdb,negative
imdb_train_42,"This isn't cinema. It isn't talent. It isn't informative. It isn't scary. It isn't entertaining. It isn't anything at all. I got this because my cousin says, ""Diablo! COOL!"" Yeah, right. The only thin",performances,Actor/Performance,ASPECT,0.9,The performances by these poor unsuspecting actors were far better than this crap-fest deserved.,imdb,negative
imdb_train_42,"This isn't cinema. It isn't talent. It isn't informative. It isn't scary. It isn't entertaining. It isn't anything at all. I got this because my cousin says, ""Diablo! COOL!"" Yeah, right. The only thin",poor unsuspecting actors,Actor/Performance,ASPECT,0.9,The performances by these poor unsuspecting actors were far better than this crap-fest deserved.,imdb,negative
imdb_train_43,"Joan Fontaine is ""A Damsel in Distress"" in this 1937 musical starring Fred Astaire, George Burns, and Gracie Allen. The plot, what there is of it, is about a British woman (Fontaine) in love with an A",Joan Fontaine,Actor/Performance,PERSON,0.998,"Joan Fontaine is ""A Damsel in Distress"" in this 1937 musical starring Fred Astaire, George Burns, and Gracie Allen.",imdb,positive
imdb_train_43,"Joan Fontaine is ""A Damsel in Distress"" in this 1937 musical starring Fred Astaire, George Burns, and Gracie Allen. The plot, what there is of it, is about a British woman (Fontaine) in love with an A",starring,Actor/Performance,ASPECT,0.88,"Joan Fontaine is ""A Damsel in Distress"" in this 1937 musical starring Fred Astaire, George Burns, and Gracie Allen.",imdb,positive
imdb_train_43,"Joan Fontaine is ""A Damsel in Distress"" in this 1937 musical starring Fred Astaire, George Burns, and Gracie Allen. The plot, what there is of it, is about a British woman (Fontaine) in love with an A",Fred Astaire,Actor/Performance,PERSON,0.999,"Joan Fontaine is ""A Damsel in Distress"" in this 1937 musical starring Fred Astaire, George Burns, and Gracie Allen.",imdb,positive
imdb_train_43,"Joan Fontaine is ""A Damsel in Distress"" in this 1937 musical starring Fred Astaire, George Burns, and Gracie Allen. The plot, what there is of it, is about a British woman (Fontaine) in love with an A",George Burns,Actor/Performance,PERSON,1.0,"Joan Fontaine is ""A Damsel in Distress"" in this 1937 musical starring Fred Astaire, George Burns, and Gracie Allen.",imdb,positive
imdb_train_43,"Joan Fontaine is ""A Damsel in Distress"" in this 1937 musical starring Fred Astaire, George Burns, and Gracie Allen. The plot, what there is of it, is about a British woman (Fontaine) in love with an A",Gracie Allen,Actor/Performance,PERSON,0.998,"Joan Fontaine is ""A Damsel in Distress"" in this 1937 musical starring Fred Astaire, George Burns, and Gracie Allen.",imdb,positive
imdb_train_43,"Joan Fontaine is ""A Damsel in Distress"" in this 1937 musical starring Fred Astaire, George Burns, and Gracie Allen. The plot, what there is of it, is about a British woman (Fontaine) in love with an A",plot,Plot/Story,ASPECT,0.9,"The plot, what there is of it, is about a British woman (Fontaine) in love with an American, who is mistaken for Astaire, a musical comedy star.",imdb,positive
imdb_train_43,"Joan Fontaine is ""A Damsel in Distress"" in this 1937 musical starring Fred Astaire, George Burns, and Gracie Allen. The plot, what there is of it, is about a British woman (Fontaine) in love with an A",Fontaine,Actor/Performance,PERSON,0.835,"The plot, what there is of it, is about a British woman (Fontaine) in love with an American, who is mistaken for Astaire, a musical comedy star.",imdb,positive
imdb_train_43,"Joan Fontaine is ""A Damsel in Distress"" in this 1937 musical starring Fred Astaire, George Burns, and Gracie Allen. The plot, what there is of it, is about a British woman (Fontaine) in love with an A",##taire,Actor/Performance,PERSON,0.983,"The plot, what there is of it, is about a British woman (Fontaine) in love with an American, who is mistaken for Astaire, a musical comedy star.",imdb,positive
imdb_train_43,"Joan Fontaine is ""A Damsel in Distress"" in this 1937 musical starring Fred Astaire, George Burns, and Gracie Allen. The plot, what there is of it, is about a British woman (Fontaine) in love with an A",musical comedy star,Atmosphere/Tone,ASPECT,0.9,"The plot, what there is of it, is about a British woman (Fontaine) in love with an American, who is mistaken for Astaire, a musical comedy star.",imdb,positive
imdb_train_43,"Joan Fontaine is ""A Damsel in Distress"" in this 1937 musical starring Fred Astaire, George Burns, and Gracie Allen. The plot, what there is of it, is about a British woman (Fontaine) in love with an A",directed,Direction,ASPECT,0.88,"The film, directed by George Stevens, contains some wonderful Gershwin music, including ""Nice Work if You Can Get It"" and ""A Foggy Day.""",imdb,positive
imdb_train_43,"Joan Fontaine is ""A Damsel in Distress"" in this 1937 musical starring Fred Astaire, George Burns, and Gracie Allen. The plot, what there is of it, is about a British woman (Fontaine) in love with an A",George Stevens,Actor/Performance,PERSON,1.0,"The film, directed by George Stevens, contains some wonderful Gershwin music, including ""Nice Work if You Can Get It"" and ""A Foggy Day.""",imdb,positive
imdb_train_43,"Joan Fontaine is ""A Damsel in Distress"" in this 1937 musical starring Fred Astaire, George Burns, and Gracie Allen. The plot, what there is of it, is about a British woman (Fontaine) in love with an A",some wonderful Gershwin music,Music/Soundtrack,ASPECT,0.9,"The film, directed by George Stevens, contains some wonderful Gershwin music, including ""Nice Work if You Can Get It"" and ""A Foggy Day.""",imdb,positive
imdb_train_43,"Joan Fontaine is ""A Damsel in Distress"" in this 1937 musical starring Fred Astaire, George Burns, and Gracie Allen. The plot, what there is of it, is about a British woman (Fontaine) in love with an A",##taire,Actor/Performance,PERSON,0.947,"Astaire's singing voice sounds more robust in this film than it does in others, and he has a couple of excellent dance numbers.",imdb,positive
imdb_train_43,"Joan Fontaine is ""A Damsel in Distress"" in this 1937 musical starring Fred Astaire, George Burns, and Gracie Allen. The plot, what there is of it, is about a British woman (Fontaine) in love with an A",Burns,Actor/Performance,PERSON,0.999,Burns plays his over the top publicist and Allen is Burns' secretary.,imdb,positive
imdb_train_43,"Joan Fontaine is ""A Damsel in Distress"" in this 1937 musical starring Fred Astaire, George Burns, and Gracie Allen. The plot, what there is of it, is about a British woman (Fontaine) in love with an A",Allen,Actor/Performance,PERSON,0.999,Burns plays his over the top publicist and Allen is Burns' secretary.,imdb,positive
imdb_train_43,"Joan Fontaine is ""A Damsel in Distress"" in this 1937 musical starring Fred Astaire, George Burns, and Gracie Allen. The plot, what there is of it, is about a British woman (Fontaine) in love with an A",Burns,Actor/Performance,PERSON,0.999,Burns plays his over the top publicist and Allen is Burns' secretary.,imdb,positive
imdb_train_43,"Joan Fontaine is ""A Damsel in Distress"" in this 1937 musical starring Fred Astaire, George Burns, and Gracie Allen. The plot, what there is of it, is about a British woman (Fontaine) in love with an A",Fontaine,Actor/Performance,PERSON,0.802,"The problem, as others have pointed out, is Fontaine, who has to dance with Astaire at the end of the film.",imdb,positive
imdb_train_43,"Joan Fontaine is ""A Damsel in Distress"" in this 1937 musical starring Fred Astaire, George Burns, and Gracie Allen. The plot, what there is of it, is about a British woman (Fontaine) in love with an A",##taire,Actor/Performance,PERSON,0.981,"The problem, as others have pointed out, is Fontaine, who has to dance with Astaire at the end of the film.",imdb,positive
imdb_train_43,"Joan Fontaine is ""A Damsel in Distress"" in this 1937 musical starring Fred Astaire, George Burns, and Gracie Allen. The plot, what there is of it, is about a British woman (Fontaine) in love with an A",Stevens,Actor/Performance,PERSON,0.999,"Stevens could easily have used a double because he shows the dance in a long shot, and it takes place among the trees.",imdb,positive
imdb_train_44,Manhattan apartment dwellers have to put up with all kinds of inconveniences. The worst one is the lack of closet space! Some people who eat out all the time use their ranges and dishwashers as storag,Melvin Frank,Actor/Performance,PERSON,1.0,"Melvin Frank and Norman Panama, a great comedy writing team from that era, saw the potential in Eric Hodgins novel, whose hero, Jim Blandings, can't stand the cramped apartment where he and his wife Muriel, and two daughters, must share.",imdb,positive
imdb_train_44,Manhattan apartment dwellers have to put up with all kinds of inconveniences. The worst one is the lack of closet space! Some people who eat out all the time use their ranges and dishwashers as storag,Norman Panama,Actor/Performance,PERSON,1.0,"Melvin Frank and Norman Panama, a great comedy writing team from that era, saw the potential in Eric Hodgins novel, whose hero, Jim Blandings, can't stand the cramped apartment where he and his wife Muriel, and two daughters, must share.",imdb,positive
imdb_train_44,Manhattan apartment dwellers have to put up with all kinds of inconveniences. The worst one is the lack of closet space! Some people who eat out all the time use their ranges and dishwashers as storag,great comedy writing team,Plot/Story,ASPECT,0.9,"Melvin Frank and Norman Panama, a great comedy writing team from that era, saw the potential in Eric Hodgins novel, whose hero, Jim Blandings, can't stand the cramped apartment where he and his wife Muriel, and two daughters, must share.",imdb,positive
imdb_train_44,Manhattan apartment dwellers have to put up with all kinds of inconveniences. The worst one is the lack of closet space! Some people who eat out all the time use their ranges and dishwashers as storag,Eric Hodgins,Actor/Performance,PERSON,0.95,"Melvin Frank and Norman Panama, a great comedy writing team from that era, saw the potential in Eric Hodgins novel, whose hero, Jim Blandings, can't stand the cramped apartment where he and his wife Muriel, and two daughters, must share.",imdb,positive
imdb_train_44,Manhattan apartment dwellers have to put up with all kinds of inconveniences. The worst one is the lack of closet space! Some people who eat out all the time use their ranges and dishwashers as storag,whose hero,Characters,ASPECT,0.9,"Melvin Frank and Norman Panama, a great comedy writing team from that era, saw the potential in Eric Hodgins novel, whose hero, Jim Blandings, can't stand the cramped apartment where he and his wife Muriel, and two daughters, must share.",imdb,positive
imdb_train_44,Manhattan apartment dwellers have to put up with all kinds of inconveniences. The worst one is the lack of closet space! Some people who eat out all the time use their ranges and dishwashers as storag,Jim Blandings,Actor/Performance,PERSON,0.997,"Melvin Frank and Norman Panama, a great comedy writing team from that era, saw the potential in Eric Hodgins novel, whose hero, Jim Blandings, can't stand the cramped apartment where he and his wife Muriel, and two daughters, must share.",imdb,positive
imdb_train_44,Manhattan apartment dwellers have to put up with all kinds of inconveniences. The worst one is the lack of closet space! Some people who eat out all the time use their ranges and dishwashers as storag,##riel,Actor/Performance,PERSON,0.954,"Melvin Frank and Norman Panama, a great comedy writing team from that era, saw the potential in Eric Hodgins novel, whose hero, Jim Blandings, can't stand the cramped apartment where he and his wife Muriel, and two daughters, must share.",imdb,positive
imdb_train_44,Manhattan apartment dwellers have to put up with all kinds of inconveniences. The worst one is the lack of closet space! Some people who eat out all the time use their ranges and dishwashers as storag,Jim Blandings,Actor/Performance,PERSON,0.983,"Jim Blandings, a Madison Ave. executive, has had it!",imdb,positive
imdb_train_44,Manhattan apartment dwellers have to put up with all kinds of inconveniences. The worst one is the lack of closet space! Some people who eat out all the time use their ranges and dishwashers as storag,Jim,Actor/Performance,PERSON,0.999,"Obviously, a first time owner, Jim is duped by the real estate man into buying the dilapidated house he is taken to inspect by an unscrupulous agent.",imdb,positive
imdb_train_44,Manhattan apartment dwellers have to put up with all kinds of inconveniences. The worst one is the lack of closet space! Some people who eat out all the time use their ranges and dishwashers as storag,Jim,Actor/Performance,PERSON,0.999,"As one problem leads to another, more money is necessary, and whatever was going to be the original cost, ends up in an inflated price that Jim could not really afford.",imdb,positive
imdb_train_44,Manhattan apartment dwellers have to put up with all kinds of inconveniences. The worst one is the lack of closet space! Some people who eat out all the time use their ranges and dishwashers as storag,Cary Grant,Actor/Performance,PERSON,0.999,Cary Grant was an actor who clearly understood the character he was playing and makes the most out of Jim Blandings.,imdb,positive
imdb_train_44,Manhattan apartment dwellers have to put up with all kinds of inconveniences. The worst one is the lack of closet space! Some people who eat out all the time use their ranges and dishwashers as storag,actor,Actor/Performance,ASPECT,0.9,Cary Grant was an actor who clearly understood the character he was playing and makes the most out of Jim Blandings.,imdb,positive
imdb_train_44,Manhattan apartment dwellers have to put up with all kinds of inconveniences. The worst one is the lack of closet space! Some people who eat out all the time use their ranges and dishwashers as storag,character,Characters,ASPECT,0.9,Cary Grant was an actor who clearly understood the character he was playing and makes the most out of Jim Blandings.,imdb,positive
imdb_train_44,Manhattan apartment dwellers have to put up with all kinds of inconveniences. The worst one is the lack of closet space! Some people who eat out all the time use their ranges and dishwashers as storag,Jim Blandings,Actor/Performance,PERSON,0.92,Cary Grant was an actor who clearly understood the character he was playing and makes the most out of Jim Blandings.,imdb,positive
imdb_train_44,Manhattan apartment dwellers have to put up with all kinds of inconveniences. The worst one is the lack of closet space! Some people who eat out all the time use their ranges and dishwashers as storag,##rna Loy,Actor/Performance,PERSON,0.95,"Myrna Loy, was a delightful actress who was always effective playing opposite Mr. Grant.",imdb,positive
imdb_train_44,Manhattan apartment dwellers have to put up with all kinds of inconveniences. The worst one is the lack of closet space! Some people who eat out all the time use their ranges and dishwashers as storag,delightful actress,Actor/Performance,ASPECT,0.9,"Myrna Loy, was a delightful actress who was always effective playing opposite Mr. Grant.",imdb,positive
imdb_train_44,Manhattan apartment dwellers have to put up with all kinds of inconveniences. The worst one is the lack of closet space! Some people who eat out all the time use their ranges and dishwashers as storag,Grant,Actor/Performance,PERSON,0.534,"Myrna Loy, was a delightful actress who was always effective playing opposite Mr. Grant.",imdb,positive
imdb_train_44,Manhattan apartment dwellers have to put up with all kinds of inconveniences. The worst one is the lack of closet space! Some people who eat out all the time use their ranges and dishwashers as storag,third character,Characters,ASPECT,0.9,"The third character, Bill Cole, an old boyfriend of Myrna, turned lawyer for the Blandings, is suave and debonair, the way Melvin Douglas portrayed him.",imdb,positive
imdb_train_44,Manhattan apartment dwellers have to put up with all kinds of inconveniences. The worst one is the lack of closet space! Some people who eat out all the time use their ranges and dishwashers as storag,Bill Cole,Actor/Performance,PERSON,1.0,"The third character, Bill Cole, an old boyfriend of Myrna, turned lawyer for the Blandings, is suave and debonair, the way Melvin Douglas portrayed him.",imdb,positive
imdb_train_44,Manhattan apartment dwellers have to put up with all kinds of inconveniences. The worst one is the lack of closet space! Some people who eat out all the time use their ranges and dishwashers as storag,##rna,Actor/Performance,PERSON,0.91,"The third character, Bill Cole, an old boyfriend of Myrna, turned lawyer for the Blandings, is suave and debonair, the way Melvin Douglas portrayed him.",imdb,positive
imdb_train_44,Manhattan apartment dwellers have to put up with all kinds of inconveniences. The worst one is the lack of closet space! Some people who eat out all the time use their ranges and dishwashers as storag,Melvin Douglas,Actor/Performance,PERSON,1.0,"The third character, Bill Cole, an old boyfriend of Myrna, turned lawyer for the Blandings, is suave and debonair, the way Melvin Douglas portrayed him.",imdb,positive
imdb_train_44,Manhattan apartment dwellers have to put up with all kinds of inconveniences. The worst one is the lack of closet space! Some people who eat out all the time use their ranges and dishwashers as storag,portrayed,Actor/Performance,ASPECT,0.88,"The third character, Bill Cole, an old boyfriend of Myrna, turned lawyer for the Blandings, is suave and debonair, the way Melvin Douglas portrayed him.",imdb,positive
imdb_train_44,Manhattan apartment dwellers have to put up with all kinds of inconveniences. The worst one is the lack of closet space! Some people who eat out all the time use their ranges and dishwashers as storag,Joan,Actor/Performance,PERSON,0.999,"One of the Blandings girls, Joan, is played by Sharyn Moffett, who bore an uncanny resemblance to Eva Marie Saint.",imdb,positive
imdb_train_44,Manhattan apartment dwellers have to put up with all kinds of inconveniences. The worst one is the lack of closet space! Some people who eat out all the time use their ranges and dishwashers as storag,##har,Actor/Performance,PERSON,0.889,"One of the Blandings girls, Joan, is played by Sharyn Moffett, who bore an uncanny resemblance to Eva Marie Saint.",imdb,positive
imdb_train_44,Manhattan apartment dwellers have to put up with all kinds of inconveniences. The worst one is the lack of closet space! Some people who eat out all the time use their ranges and dishwashers as storag,##yn Moffett,Actor/Performance,PERSON,0.956,"One of the Blandings girls, Joan, is played by Sharyn Moffett, who bore an uncanny resemblance to Eva Marie Saint.",imdb,positive
imdb_train_44,Manhattan apartment dwellers have to put up with all kinds of inconveniences. The worst one is the lack of closet space! Some people who eat out all the time use their ranges and dishwashers as storag,Eva Marie,Actor/Performance,PERSON,0.981,"One of the Blandings girls, Joan, is played by Sharyn Moffett, who bore an uncanny resemblance to Eva Marie Saint.",imdb,positive
imdb_train_44,Manhattan apartment dwellers have to put up with all kinds of inconveniences. The worst one is the lack of closet space! Some people who eat out all the time use their ranges and dishwashers as storag,Saint,Actor/Performance,PERSON,0.86,"One of the Blandings girls, Joan, is played by Sharyn Moffett, who bore an uncanny resemblance to Eva Marie Saint.",imdb,positive
imdb_train_44,Manhattan apartment dwellers have to put up with all kinds of inconveniences. The worst one is the lack of closet space! Some people who eat out all the time use their ranges and dishwashers as storag,Louise,Actor/Performance,PERSON,0.988,"The great Louise Beavers plays Gussie, but doesn't have much to do.",imdb,positive
imdb_train_44,Manhattan apartment dwellers have to put up with all kinds of inconveniences. The worst one is the lack of closet space! Some people who eat out all the time use their ranges and dishwashers as storag,Beaver,Actor/Performance,PERSON,0.578,"The great Louise Beavers plays Gussie, but doesn't have much to do.",imdb,positive
imdb_train_44,Manhattan apartment dwellers have to put up with all kinds of inconveniences. The worst one is the lack of closet space! Some people who eat out all the time use their ranges and dishwashers as storag,Gus,Actor/Performance,PERSON,0.998,"The great Louise Beavers plays Gussie, but doesn't have much to do.",imdb,positive
imdb_train_44,Manhattan apartment dwellers have to put up with all kinds of inconveniences. The worst one is the lack of closet space! Some people who eat out all the time use their ranges and dishwashers as storag,##sie,Actor/Performance,PERSON,0.805,"The great Louise Beavers plays Gussie, but doesn't have much to do.",imdb,positive
imdb_train_44,Manhattan apartment dwellers have to put up with all kinds of inconveniences. The worst one is the lack of closet space! Some people who eat out all the time use their ranges and dishwashers as storag,James,Actor/Performance,PERSON,0.999,"The film is lovingly photographed by James Wong Howe, who clearly knew what to do to make this film appear much better.",imdb,positive
imdb_train_44,Manhattan apartment dwellers have to put up with all kinds of inconveniences. The worst one is the lack of closet space! Some people who eat out all the time use their ranges and dishwashers as storag,Wong,Actor/Performance,PERSON,0.996,"The film is lovingly photographed by James Wong Howe, who clearly knew what to do to make this film appear much better.",imdb,positive
imdb_train_44,Manhattan apartment dwellers have to put up with all kinds of inconveniences. The worst one is the lack of closet space! Some people who eat out all the time use their ranges and dishwashers as storag,Howe,Actor/Performance,PERSON,0.994,"The film is lovingly photographed by James Wong Howe, who clearly knew what to do to make this film appear much better.",imdb,positive
imdb_train_44,Manhattan apartment dwellers have to put up with all kinds of inconveniences. The worst one is the lack of closet space! Some people who eat out all the time use their ranges and dishwashers as storag,direction,Direction,ASPECT,0.9,The direction of H.C. Potter is light and he succeeded in this film that will delight fans of classic comedies.,imdb,positive
imdb_train_44,Manhattan apartment dwellers have to put up with all kinds of inconveniences. The worst one is the lack of closet space! Some people who eat out all the time use their ranges and dishwashers as storag,Potter,Actor/Performance,PERSON,0.535,The direction of H.C. Potter is light and he succeeded in this film that will delight fans of classic comedies.,imdb,positive
imdb_train_45,"As a premise, this backwoods version of the Dead Calm storyline had promise. However, director Eric Red's inability to render a convincing hurricane leads to a deluge of continuity and lighting errors",premise,Plot/Story,ASPECT,0.9,"As a premise, this backwoods version of the Dead Calm storyline had promise.",imdb,negative
imdb_train_45,"As a premise, this backwoods version of the Dead Calm storyline had promise. However, director Eric Red's inability to render a convincing hurricane leads to a deluge of continuity and lighting errors",Dead Calm storyline,Plot/Story,ASPECT,0.9,"As a premise, this backwoods version of the Dead Calm storyline had promise.",imdb,negative
imdb_train_45,"As a premise, this backwoods version of the Dead Calm storyline had promise. However, director Eric Red's inability to render a convincing hurricane leads to a deluge of continuity and lighting errors",Eric Red,Actor/Performance,PERSON,1.0,"However, director Eric Red's inability to render a convincing hurricane leads to a deluge of continuity and lighting errors.",imdb,negative
imdb_train_45,"As a premise, this backwoods version of the Dead Calm storyline had promise. However, director Eric Red's inability to render a convincing hurricane leads to a deluge of continuity and lighting errors",continuity and lighting errors,Cinematography/Visuals,ASPECT,0.9,"However, director Eric Red's inability to render a convincing hurricane leads to a deluge of continuity and lighting errors.",imdb,negative
imdb_train_45,"As a premise, this backwoods version of the Dead Calm storyline had promise. However, director Eric Red's inability to render a convincing hurricane leads to a deluge of continuity and lighting errors",bizarre weather effects,Special Effects/CGI,ASPECT,0.9,"Ultimately, the viewer is more spellbound by the bizarre weather effects than the intended storyline.",imdb,negative
imdb_train_45,"As a premise, this backwoods version of the Dead Calm storyline had promise. However, director Eric Red's inability to render a convincing hurricane leads to a deluge of continuity and lighting errors",intended storyline,Plot/Story,ASPECT,0.9,"Ultimately, the viewer is more spellbound by the bizarre weather effects than the intended storyline.",imdb,negative
imdb_train_45,"As a premise, this backwoods version of the Dead Calm storyline had promise. However, director Eric Red's inability to render a convincing hurricane leads to a deluge of continuity and lighting errors",ham-fisted over-direction,Direction,ASPECT,0.9,Intermittent spates of ham-fisted over-direction are similarly distracting.,imdb,negative
imdb_train_45,"As a premise, this backwoods version of the Dead Calm storyline had promise. However, director Eric Red's inability to render a convincing hurricane leads to a deluge of continuity and lighting errors",Charles Dance,Actor/Performance,PERSON,1.0,"Charles Dance, doing an 'inbred backwoods hardass' schtick, does his best to save the movie.",imdb,negative
imdb_train_45,"As a premise, this backwoods version of the Dead Calm storyline had promise. However, director Eric Red's inability to render a convincing hurricane leads to a deluge of continuity and lighting errors",Underto,Actor/Performance,PERSON,0.674,"But ultimately, Undertow squeals like a pig ... and has more ham to boot.",imdb,negative
imdb_train_46,"...And I never thought a movie deserved to be awarded a 1! But this one is honestly the worst movie I've ever watched. My wife picked it up because of the cast, but the storyline right since the DVD b",cast,Actor/Performance,ASPECT,0.9,"My wife picked it up because of the cast, but the storyline right since the DVD box seemed quite predictable.",imdb,negative
imdb_train_46,"...And I never thought a movie deserved to be awarded a 1! But this one is honestly the worst movie I've ever watched. My wife picked it up because of the cast, but the storyline right since the DVD b",storyline,Plot/Story,ASPECT,0.88,"My wife picked it up because of the cast, but the storyline right since the DVD box seemed quite predictable.",imdb,negative
imdb_train_46,"...And I never thought a movie deserved to be awarded a 1! But this one is honestly the worst movie I've ever watched. My wife picked it up because of the cast, but the storyline right since the DVD b",mystery,Plot/Story,ASPECT,0.9,"It is not a mystery, nor a juvenile-catching film.",imdb,negative
imdb_train_46,"...And I never thought a movie deserved to be awarded a 1! But this one is honestly the worst movie I've ever watched. My wife picked it up because of the cast, but the storyline right since the DVD b",feel,Atmosphere/Tone,ASPECT,0.88,"Don't waste your time or money unless you feel like watching a bunch of youngsters in a as-grown-up kind of Gothic setting, where a killer is going after them.",imdb,negative
imdb_train_46,"...And I never thought a movie deserved to be awarded a 1! But this one is honestly the worst movie I've ever watched. My wife picked it up because of the cast, but the storyline right since the DVD b",Max Makowski,Actor/Performance,PERSON,0.999,Max Makowski makes the worst of Nick Stahl.,imdb,negative
imdb_train_46,"...And I never thought a movie deserved to be awarded a 1! But this one is honestly the worst movie I've ever watched. My wife picked it up because of the cast, but the storyline right since the DVD b",Nick Stahl,Actor/Performance,PERSON,0.991,Max Makowski makes the worst of Nick Stahl.,imdb,negative
imdb_train_47,"I saw this film at the Rhode Island International Film Festival and was completely blown away. The structure and execution of the film was fantastic...I know it won't, but it really deserves an Oscar ",structure,Plot/Story,ASPECT,0.9,The structure and execution of the film was fantastic...,imdb,positive
imdb_train_47,"I saw this film at the Rhode Island International Film Festival and was completely blown away. The structure and execution of the film was fantastic...I know it won't, but it really deserves an Oscar ",execution,Direction,ASPECT,0.9,The structure and execution of the film was fantastic...,imdb,positive
imdb_train_47,"I saw this film at the Rhode Island International Film Festival and was completely blown away. The structure and execution of the film was fantastic...I know it won't, but it really deserves an Oscar ",Cal,Actor/Performance,PERSON,0.999,Cal and Andre were phenomenal as the two disturbed classmates.,imdb,positive
imdb_train_47,"I saw this film at the Rhode Island International Film Festival and was completely blown away. The structure and execution of the film was fantastic...I know it won't, but it really deserves an Oscar ",Andre,Actor/Performance,PERSON,0.999,Cal and Andre were phenomenal as the two disturbed classmates.,imdb,positive
imdb_train_48,I enjoyed this film. I thought it was an excellent political thriller about something that's never happened before - a Secret Service agent going bad and involved in an assassination plot. Unfortunate,assassination plot,Plot/Story,ASPECT,0.9,I thought it was an excellent political thriller about something that's never happened before - a Secret Service agent going bad and involved in an assassination plot.,imdb,positive
imdb_train_48,I enjoyed this film. I thought it was an excellent political thriller about something that's never happened before - a Secret Service agent going bad and involved in an assassination plot. Unfortunate,Michael Douglas,Actor/Performance,PERSON,1.0,"Unfortunately, for Michael Douglas' character, ""Pete Garrison,"" they think HE's the mole but he isn't.",imdb,positive
imdb_train_48,I enjoyed this film. I thought it was an excellent political thriller about something that's never happened before - a Secret Service agent going bad and involved in an assassination plot. Unfortunate,Pete Garrison,Actor/Performance,PERSON,0.999,"Unfortunately, for Michael Douglas' character, ""Pete Garrison,"" they think HE's the mole but he isn't.",imdb,positive
imdb_train_48,I enjoyed this film. I thought it was an excellent political thriller about something that's never happened before - a Secret Service agent going bad and involved in an assassination plot. Unfortunate,plot,Plot/Story,ASPECT,0.9,"Since he's doing that, he's unable to give an acceptable polygraph exam and that makes him suspect number one when it's revealed there is a plot to kill the President.",imdb,positive
imdb_train_48,I enjoyed this film. I thought it was an excellent political thriller about something that's never happened before - a Secret Service agent going bad and involved in an assassination plot. Unfortunate,Garrison,Actor/Performance,PERSON,0.999,"""Garrison"" is forced to go on the lam but at the same time he's still trying to do the right thing by protecting the President.",imdb,positive
imdb_train_48,I enjoyed this film. I thought it was an excellent political thriller about something that's never happened before - a Secret Service agent going bad and involved in an assassination plot. Unfortunate,Douglas,Actor/Performance,PERSON,0.999,Douglas does a fine job in this role.,imdb,positive
imdb_train_48,I enjoyed this film. I thought it was an excellent political thriller about something that's never happened before - a Secret Service agent going bad and involved in an assassination plot. Unfortunate,role,Actor/Performance,ASPECT,0.9,Douglas does a fine job in this role.,imdb,positive
imdb_train_48,I enjoyed this film. I thought it was an excellent political thriller about something that's never happened before - a Secret Service agent going bad and involved in an assassination plot. Unfortunate,excellent actor,Actor/Performance,ASPECT,0.9,I don't always care the people he plays but he's an excellent actor.,imdb,positive
imdb_train_48,I enjoyed this film. I thought it was an excellent political thriller about something that's never happened before - a Secret Service agent going bad and involved in an assassination plot. Unfortunate,##ifer Sutherland,Actor/Performance,PERSON,0.999,"Keifer Sutherland (""David Breckinridge"") is equally as good (at least in here) as the fellow SS boss who hunts down Douglas until convinced he has been telling the truth.",imdb,positive
imdb_train_48,I enjoyed this film. I thought it was an excellent political thriller about something that's never happened before - a Secret Service agent going bad and involved in an assassination plot. Unfortunate,David B,Actor/Performance,PERSON,0.964,"Keifer Sutherland (""David Breckinridge"") is equally as good (at least in here) as the fellow SS boss who hunts down Douglas until convinced he has been telling the truth.",imdb,positive
imdb_train_48,I enjoyed this film. I thought it was an excellent political thriller about something that's never happened before - a Secret Service agent going bad and involved in an assassination plot. Unfortunate,##inridge,Actor/Performance,PERSON,0.627,"Keifer Sutherland (""David Breckinridge"") is equally as good (at least in here) as the fellow SS boss who hunts down Douglas until convinced he has been telling the truth.",imdb,positive
imdb_train_48,I enjoyed this film. I thought it was an excellent political thriller about something that's never happened before - a Secret Service agent going bad and involved in an assassination plot. Unfortunate,Douglas,Actor/Performance,PERSON,0.999,"Keifer Sutherland (""David Breckinridge"") is equally as good (at least in here) as the fellow SS boss who hunts down Douglas until convinced he has been telling the truth.",imdb,positive
imdb_train_48,I enjoyed this film. I thought it was an excellent political thriller about something that's never happened before - a Secret Service agent going bad and involved in an assassination plot. Unfortunate,finale,Ending,ASPECT,0.9,"When he does the two of them work together in the finale to discover and then stop, if they can, the plot.",imdb,positive
imdb_train_48,I enjoyed this film. I thought it was an excellent political thriller about something that's never happened before - a Secret Service agent going bad and involved in an assassination plot. Unfortunate,plot,Plot/Story,ASPECT,0.88,"When he does the two of them work together in the finale to discover and then stop, if they can, the plot.",imdb,positive
imdb_train_48,I enjoyed this film. I thought it was an excellent political thriller about something that's never happened before - a Secret Service agent going bad and involved in an assassination plot. Unfortunate,Kim Basin,Actor/Performance,PERSON,0.989,"Also, I have never - and never will, unfortunately - see a First Lady who looks as good as Kim Basinger This is simply a slick action flick that entertains start-to-finish.",imdb,positive
imdb_train_49,"I have been known to fall asleep during films, but this is usually due to a combination of things including, really tired, being warm and comfortable on the sette and having just eaten a lot. However ",plot development,Plot/Story,ASPECT,0.9,The plot development was constant.,imdb,negative
imdb_train_50,"This is an odd film for me, as after I reviewed a nice film from a new film maker (FAR OUT by Phil Mucci), another writer/director, Ryan Jafri, contacted me and asked me to watch and review his film, ",Phil Mucci,Actor/Performance,PERSON,0.944,"This is an odd film for me, as after I reviewed a nice film from a new film maker (FAR OUT by Phil Mucci), another writer/director, Ryan Jafri, contacted me and asked me to watch and review his film, THE CURE.",imdb,positive
imdb_train_50,"This is an odd film for me, as after I reviewed a nice film from a new film maker (FAR OUT by Phil Mucci), another writer/director, Ryan Jafri, contacted me and asked me to watch and review his film, ",another writer/director,Direction,ASPECT,0.9,"This is an odd film for me, as after I reviewed a nice film from a new film maker (FAR OUT by Phil Mucci), another writer/director, Ryan Jafri, contacted me and asked me to watch and review his film, THE CURE.",imdb,positive
imdb_train_50,"This is an odd film for me, as after I reviewed a nice film from a new film maker (FAR OUT by Phil Mucci), another writer/director, Ryan Jafri, contacted me and asked me to watch and review his film, ",Ryan Jafri,Actor/Performance,PERSON,0.965,"This is an odd film for me, as after I reviewed a nice film from a new film maker (FAR OUT by Phil Mucci), another writer/director, Ryan Jafri, contacted me and asked me to watch and review his film, THE CURE.",imdb,positive
imdb_train_50,"This is an odd film for me, as after I reviewed a nice film from a new film maker (FAR OUT by Phil Mucci), another writer/director, Ryan Jafri, contacted me and asked me to watch and review his film, ",Jaf,Actor/Performance,PERSON,0.921,"Interestingly, while it turned out I did like THE CURE, I was not thrilled by it and let Jafri know.",imdb,positive
imdb_train_50,"This is an odd film for me, as after I reviewed a nice film from a new film maker (FAR OUT by Phil Mucci), another writer/director, Ryan Jafri, contacted me and asked me to watch and review his film, ",Jaf,Actor/Performance,PERSON,0.95,"The film has tremendous style and as far as Jafri's direction goes, it's exceptional--especially for such an inexperienced film maker (it's his first film).",imdb,positive
imdb_train_50,"This is an odd film for me, as after I reviewed a nice film from a new film maker (FAR OUT by Phil Mucci), another writer/director, Ryan Jafri, contacted me and asked me to watch and review his film, ",pacing,Pacing/Editing,ASPECT,0.9,"The combination of exceptional choices of color, pacing and music that well-suited the film created a great sense of atmosphere.",imdb,positive
imdb_train_50,"This is an odd film for me, as after I reviewed a nice film from a new film maker (FAR OUT by Phil Mucci), another writer/director, Ryan Jafri, contacted me and asked me to watch and review his film, ",music,Music/Soundtrack,ASPECT,0.9,"The combination of exceptional choices of color, pacing and music that well-suited the film created a great sense of atmosphere.",imdb,positive
imdb_train_50,"This is an odd film for me, as after I reviewed a nice film from a new film maker (FAR OUT by Phil Mucci), another writer/director, Ryan Jafri, contacted me and asked me to watch and review his film, ",atmosphere,Atmosphere/Tone,ASPECT,0.9,"The combination of exceptional choices of color, pacing and music that well-suited the film created a great sense of atmosphere.",imdb,positive
imdb_train_50,"This is an odd film for me, as after I reviewed a nice film from a new film maker (FAR OUT by Phil Mucci), another writer/director, Ryan Jafri, contacted me and asked me to watch and review his film, ",writing,Plot/Story,ASPECT,0.9,"However, the thing I didn't love was some of the writing.",imdb,positive
imdb_train_50,"This is an odd film for me, as after I reviewed a nice film from a new film maker (FAR OUT by Phil Mucci), another writer/director, Ryan Jafri, contacted me and asked me to watch and review his film, ",ending,Ending,ASPECT,0.9,"While the basic idea was great, the ending was just too easy to foresee.",imdb,positive
imdb_train_50,"This is an odd film for me, as after I reviewed a nice film from a new film maker (FAR OUT by Phil Mucci), another writer/director, Ryan Jafri, contacted me and asked me to watch and review his film, ",ending,Ending,ASPECT,0.9,I really would have loved the ending had it come as more of a surprise or there to have been an unexpected twist.,imdb,positive
imdb_train_50,"This is an odd film for me, as after I reviewed a nice film from a new film maker (FAR OUT by Phil Mucci), another writer/director, Ryan Jafri, contacted me and asked me to watch and review his film, ",unexpected twist,Plot/Story,ASPECT,0.9,I really would have loved the ending had it come as more of a surprise or there to have been an unexpected twist.,imdb,positive
